"director","title_count"
"Raúl Campos, Jan Suter","18"
"Marcus Raboy","16"
"Jay Karas","14"
"Cathy Garcia-Molina","13"
"Jay Chapman","12"
"Youssef Chahine","12"
"Martin Scorsese","12"
"Steven Spielberg","10"
"David Dhawan","9"
"Quentin Tarantino","8"
"Hakan Algül","8"
"Ryan Polito","8"
"Shannon Hartman","8"
"Lance Bangs","8"
"Robert Rodriguez","8"
"Johnnie To","8"
"Kunle Afolayan","8"
"Don Michael Paul","7"
"S.S. Rajamouli","7"
"Yılmaz Erdoğan","7"
"McG","7"
"Omoni Oboli","7"
"Fernando Ayllón","7"
"Justin G. Dyck","7"
"Ozan Açıktan","7"
"Ram Gopal Varma","6"
"Hanung Bramantyo","6"
"Wenn V. Deramas","6"
"Imtiaz Ali","6"
"Steven Soderbergh","6"
"Sameh Abdulaziz","6"
"Vlad Yudin","6"
"Matt Askem","6"
"Anees Bazmee","6"
"Ashutosh Gowariker","6"
"Joey So","6"
"Rajkumar Santoshi","6"
"Robert Vince","6"
"Sooraj R. Barjatya","6"
"Ron Howard","6"
"Noah Baumbach","6"
"Troy Miller","6"
"Kıvanç Baruönü","5"
"Khaled Marei","5"
"Thierry Donard","5"
"David Fincher","5"
"David Batty","5"
"Anurag Kashyap","5"
"Jay Roach","5"
"Umesh Mehra","5"
"Leslie Small","5"
"Niyi Akinmolayan","5"
"Prakash Satam","5"
"Wilson Yip","5"
"Mike Clattenburg","5"
"Vishal Bhardwaj","5"
"Nagesh Kukunoor","5"
"Mahesh Manjrekar","5"
"Detlev Buck","5"
"Rocky Soraya","5"
"Madhur Bhandarkar","5"
"Rohit Shetty","5"
"Kevin Smith","5"
"Rajiv Mehra","5"
"Manny Rodriguez","5"
"Clint Eastwood","5"
"Michael Simon","5"
"Mae Czarina Cruz","5"
"Prakash Jha","5"
"Indra Kumar","5"
"Anurag Basu","5"
"Riri Riza","5"
"Priyadarshan","5"
"Wael Ihsan","4"
"Oliver Stone","4"
"Stan Lathan","4"
"Wong Jing","4"
"Antonio Campos","4"
"William Lau","4"
"Milan Luthria","4"
"Paul Dugdale","4"
"Rakeysh Omprakash Mehra","4"
"Robert Luketic","4"
"Kundan Shah","4"
"Abbas Alibhai Burmawalla, Mastan Alibhai Burmawalla","4"
"Farhan Akhtar","4"
"Ahmed Nader Galal","4"
"Hrishikesh Mukherjee","4"
"Spike Lee","4"
"Shaun Paul Piccinino","4"
"Maroun Baghdadi","4"
"Jeremy Saulnier","4"
"Gregory Hoblit","4"
"Rob Minkoff","4"
"Wael Ehsan","4"
"Farah Khan","4"
"Savage Steve Holland","4"
"Hernán Zin","4"
"Rohit Jugraj","4"
"Lucas Margutti","4"
"Steve Brill","4"
"Michael McKay","4"
"Lynn Shelton","4"
"Werner Herzog","4"
"Toshiya Shinohara","4"
"Dan Villegas","4"
"Jun Lana","4"
"Sudhir Mishra","4"
"Antoinette Jadaone","4"
"Subhash Ghai","4"
"Ahmad El-Badri","4"
"Lee Tamahori","4"
"Nishikant Kamat","4"
"Shyam Benegal","4"
"Angga Dwimas Sasongko","4"
"Edward Cotterill","4"
"Paul Thomas Anderson","4"
"Chia-Liang Liu","4"
"Cristina Jacob","4"
"Philippe Aractingi","4"
"Andy Tennant","4"
"Jesse V. Johnson","4"
"Fernando González Molina","4"
"Dibakar Banerjee","4"
"Mike Newell","4"
"Martin Campbell","4"
"Chris Stokes","4"
"Poj Arnon","4"
"Christopher Nolen","3"
"Barry Avrich","3"
"Ernie Barbarash","3"
"David Ayer","3"
"Hasan Karacadağ","3"
"Pankaj Batra","3"
"Olivia M. Lamasan","3"
"Mohamed Samy","3"
"Onir","3"
"Jon Rosenbaum","3"
"Eli Roth","3"
"Amitoj Mann","3"
"Orlando von Einsiedel","3"
"Olivier Assayas","3"
"Rajiv Chilaka","3"
"Shigeaki Kubo","3"
"Sylvester Stallone","3"
"John Huston","3"
"Timothy Woodward Jr.","3"
"Maria Ripoll","3"
"Gabriele Muccino","3"
"Conrad Helten","3"
"Chris Howe","3"
"Steve Carr","3"
"Peter Segal","3"
"Bobcat Goldthwait","3"
"Kobun Shizuno, Hiroyuki Seshita","3"
"John Schultz","3"
"Cosima Spender","3"
"B. V. Nandini Reddy","3"
"Jon M. Chu","3"
"Rob Reiner","3"
"Vikramaditya Motwane","3"
"Diego Pignataro","3"
"Craig Brewer","3"
"Andibachtiar Yusuf","3"
"Raja Gosnell","3"
"Tiller Russell","3"
"Fajar Bustomi, Pidi Baiq","3"
"Vivieno Caldinelli","3"
"Ashwin Saravanan","3"
"David Michôd","3"
"Karan Johar","3"
"Remo D'Souza","3"
"Sean McNamara","3"
"Mahesh Bhatt","3"
"Note Chern-Yim","3"
"Neal Brennan","3"
"Bedran Güzel","3"
"Adrian Teh","3"
"Walter C. Miller","3"
"Tilak Shetty","3"
"Toshiyuki Kubooka","3"
"Mohamed Hamdy","3"
"Michael Tiddes","3"
"David R. Ellis","3"
"Barak Goodman","3"
"John Lee Hancock","3"
"Qaushiq Mukherjee","3"
"Atom Egoyan","3"
"Jeff Baena","3"
"Ron Myrick","3"
"Sujoy Ghosh","3"
"Matías Gueilburt","3"
"Neeraj Pandey","3"
"Michael Dowse","3"
"Munjal Shroff, Tilak Shetty","3"
"Antoine Fuqua","3"
"Sermiyan Midyat","3"
"Latif Faiziyev, Umesh Mehra","3"
"Rano Karno","3"
"Abhinay Deo","3"
"Alfonso Cuarón","3"
"Cheh Chang","3"
"Greg MacGillivray","3"
"Luis Ara","3"
"Tope Oshin","3"
"Nila Madhab Panda","3"
"Marc Forster","3"
"Abhishek Chaubey","3"
"Lekh Tandon","3"
"Jonathan Demme","3"
"Ron Oliver","3"
"Ahmed Al-Badry","3"
"Zoya Akhtar","3"
"Adam Shankman","3"
"Rajkumar Hirani","3"
"Steve Ball","3"
"Brian Levant","3"
"Masahiko Murata","3"
"Burak Aksak","3"
"Charles Stone III","3"
"Noriyuki Abe","3"
"Mike Flanagan","3"
"Jalil Lespert","3"
"Joe Camp","3"
"Alastair Fothergill","3"
"John Fortenberry","3"
"Shirish Kunder","3"
"Theodore Boborol","3"
"Rako Prijanto","3"
"Mikhail Red","3"
"Amr Arafa","3"
"Sumitra Bhave, Sunil Sukthankar","3"
"Raj Kapoor","3"
"Morgan Neville","3"
"Mike Smith, John Paul Tremblay, Robb Wells","3"
"Aziz Mirza","3"
"Scott Zabielski","3"
"Mani Ratnam","3"
"Ava DuVernay","3"
"G.J. Echternkamp","3"
"Tom Hooper","3"
"Momoko Kamiya","3"
"Shawn Levy","3"
"Joe Berlinger","3"
"Frank Coraci","3"
"Abhishek Sharma","3"
"Alex Lehmann","3"
"David Zucker","3"
"Prakash Mehra","3"
"Richard Weston","3"
"Rob Cohen","3"
"Mike Gunther","3"
"Roger Kumble","3"
"Chandrakant Kulkarni","3"
"Linda Mendoza","3"
"Ishaya Bako","3"
"Ketan Mehta","3"
"Leena Yadav","3"
"Raj Kumar Gupta","3"
"Barry Sonnenfeld","3"
"Ishi Rudell","3"
"Kim Nguyen","3"
"Gonzalo López-Gallego","3"
"Vince Marcello","3"
"Obi Emelonye","3"
"Peyton Reed","3"
"Nate Adams, Adam Carolla","3"
"Moses Inwang","3"
"Yasmin Ahmad","3"
"Lilly Wachowski, Lana Wachowski","3"
"Sam Liu","3"
"Dante Lam","3"
"Jeff Nichols","3"
"Ken Ghosh","3"
"Brett Haley","3"
"Terry Gilliam","3"
"John Asher","3"
"David Mackenzie","3"
"Abhishek Kapoor","3"
"Michael Bay","3"
"Satish Rajwade","3"
"Louis C.K.","3"
"Clay Glen","3"
"Renzil D'Silva","2"
"Pratim D. Gupta","2"
"Pang Ho-cheung","2"
"Elaine McMillion Sheldon","2"
"Matthew Vaughn","2"
"Steven C. Miller","2"
"Sameer Vidwans","2"
"Pete Travis","2"
"Tarsem Singh","2"
"Tensai Okamura","2"
"Gregory Caruso","2"
"Ivan Reitman","2"
"Oliver Twinch","2"
"Shlok Sharma","2"
"Leslie Iwerks","2"
"David Paul Meyer","2"
"Brian Oakes","2"
"Alejandro Agresti","2"
"Mahsun Kırmızıgül","2"
"Bille Woodruff","2"
"Esteban Vidal","2"
"Bo Burnham, Christopher Storer","2"
"Shirley Frimpong-Manso","2"
"Shakti Samanta","2"
"Bill D'Elia","2"
"Blair Simmons","2"
"Patricia Rozema","2"
"Álex de la Iglesia","2"
"Ken Burns","2"
"Toka McBaror","2"
"Salvador Calvo","2"
"Manolo Caro","2"
"Patryk Vega","2"
"Adam McKay","2"
"Hannah Fidell","2"
"Tony Scott","2"
"Rajat Kapoor","2"
"Michael Patrick King","2"
"Jerry Seinfeld","2"
"Ron Davis","2"
"Makarand Mane","2"
"Timo Tjahjanto","2"
"Ari Sandel","2"
"Keoni Waxman","2"
"Ali Ragab","2"
"Tosin Coker","2"
"Petra Costa","2"
"Nia Dinata","2"
"Mez Tharatorn","2"
"Stanley Tong","2"
"Scott Hicks","2"
"Stanley Nelson","2"
"Sam Raimi","2"
"Sion Sono","2"
"Asghar Farhadi","2"
"Peter Sullivan","2"
"Vicky Matthews","2"
"Steve Paley","2"
"Mark Steven Johnson","2"
"Bong Joon Ho","2"
"Hajime Kamegaki","2"
"Heidi Ewing, Rachel Grady","2"
"Mikhil Musale","2"
"Alex Proyas","2"
"Soumendra Padhi","2"
"Haifaa Al-Mansour","2"
"Peter Spirer","2"
"Noam Murro","2"
"Andy Fickman","2"
"Satyajit Bhatkal","2"
"Atanu Ghosh","2"
"Edwin","2"
"Kedar Shinde","2"
"Robin Swicord","2"
"Sam Mendes","2"
"Kip Andersen, Keegan Kuhn","2"
"Martin Gorst","2"
"Masaaki Yuasa","2"
"Karthik Subbaraj","2"
"Mateo Gil","2"
"Daniel Stamm","2"
"Mahmoud Karim","2"
"Alessandro Angulo","2"
"Thomas Astruc","2"
"Jeff Tremaine","2"
"Naoko Yamada","2"
"Paul Andrew Williams","2"
"Eduardo Roy Jr.","2"
"Maryo J. De los Reyes","2"
"Estela Renner","2"
"Kyran Kelly","2"
"Liz Garbus","2"
"Jonathan Levine","2"
"Trey Edward Shults","2"
"Davis Guggenheim","2"
"Upi Avianto","2"
"Sachin Yardi","2"
"Tim Burton","2"
"Julien Leclercq","2"
"Anurag Kashyap, Dibakar Banerjee, Karan Johar, Zoya Akhtar","2"
"Mana Yasuda","2"
"Brad Bird","2"
"Brad Anderson","2"
"Stanisław Różewicz","2"
"V Vignarajan","2"
"Israel Adrián Caetano","2"
"Ben Wheatley","2"
"Stephen Daldry","2"
"Hadi El Bagoury","2"
"Daniel Kontur","2"
"Antonio Serrano","2"
"Kabir Sadanand","2"
"Nicolas Pesce","2"
"Nicholas Kharkongor","2"
"Vipul Amrutlal Shah","2"
"Francesco Imperato","2"
"Ksshitij Chaudhary","2"
"A.R. Murugadoss","2"
"Harald Zwart","2"
"Rian Johnson","2"
"Brian De Palma","2"
"Damien O’Connor","2"
"Michael Showalter","2"
"Seth Barrish","2"
"Ismail Farouk","2"
"Lars von Trier","2"
"Sherif Arafa","2"
"Eli Craig","2"
"Leslie Small, Tim Story","2"
"Daniel Gray Longino","2"
"David M. Rosenthal","2"
"Sze Yu Lau","2"
"Dave Higby","2"
"Aditya Kripalani","2"
"Ruben Fleischer","2"
"Ribhu Dasgupta","2"
"Jeffrey Walker","2"
"Jerrold Tarog","2"
"Chris Bould","2"
"Stanley Kubrick","2"
"Jeff Orlowski","2"
"Phil Weinstein","2"
"Ben Wallis","2"
"Rebecca Zlotowski","2"
"Ashok Nanda","2"
"Les Mayfield","2"
"Rajiv Menon","2"
"Robert Zemeckis","2"
"R. Ellis Frazier","2"
"Bernie Denk","2"
"Daniel Calparsoro","2"
"Jay Chandrasekhar","2"
"Susan Johnson","2"
"Luc Vinciguerra","2"
"Scott L. Montoya","2"
"Will Gluck","2"
"Erwin van den Eshof","2"
"Ryan Coogler","2"
"Thierry Demaizière, Alban Teurlai","2"
"Nick Broomfield","2"
"Derek Cianfrance","2"
"Brian Klein","2"
"Gajendra Ahire","2"
"Charlie Lightening","2"
"Hani Hamdi","2"
"Umesh Shukla","2"
"Bejoy Nambiar","2"
"Christopher Storer","2"
"Amy Schumer","2"
"Jon Lucas, Scott Moore","2"
"Ahmed Zein","2"
"Michael Cuesta","2"
"Rob Seidenglanz","2"
"Stephen Chiodo","2"
"Gillian Robespierre","2"
"Zak Hilditch","2"
"Barry Levinson","2"
"Warren P. Sonoda","2"
"Anthony D'Souza","2"
"Ömer Faruk Sorak","2"
"Jason Paul Laxamana","2"
"Jason Reitman","2"
"Joe DeMaio","2"
"Gerardo Olivares","2"
"Ryan Murphy","2"
"Nagraj Manjule","2"
"David O. Russell","2"
"Paco Plaza","2"
"Osgood Perkins","2"
"Alejandro Fernández Almendras","2"
"John Dahl","2"
"Santosh Sivan","2"
"Peter Hutchings","2"
"Sebastián Schindel","2"
"Javier Ruiz Caldera","2"
"Guy Ritchie","2"
"Ric Roman Waugh","2"
"Simon Wells","2"
"Sachin","2"
"Dharmesh Darshan","2"
"BB Sasore","2"
"Gore Verbinski","2"
"Dominic Sena","2"
"Harold Cronk","2"
"Larry Latham","2"
"Mukul Anand","2"
"Sang-ho Yeon","2"
"Scott Moran","2"
"Baljit Singh Deo","2"
"David Gordon Green","2"
"Steven Knight","2"
"Jota Linares","2"
"Everardo González","2"
"Paul W.S. Anderson","2"
"Norman Jewison","2"
"Mitch Schauer","2"
"Pierre Morel","2"
"Nawapol Thamrongrattanarit","2"
"Tyler Perry","2"
"John Stockwell","2"
"Andrew Lau Wai-Keung","2"
"Alison Klayman","2"
"Pascal Amanfo","2"
"Scott Stewart","2"
"Thiru","2"
"Chad Van De Keere","2"
"Stephen Chow","2"
"Morgan Spurlock","2"
"Nicolás López","2"
"James Ponsoldt","2"
"Neill Blomkamp","2"
"Eduardo Chauvet","2"
"Federico Veiroj","2"
"Florian Henckel von Donnersmarck","2"
"Husam El-Gohari","2"
"Sam Taplin","2"
"Charlie McDowell","2"
"Daniel Lindsay, T.J. Martin","2"
"Gianfranco Rosi","2"
"David E. Talbert","2"
"Patrick Brice","2"
"Iginio Straffi","2"
"Ciarán Foy","2"
"Sundar C.","2"
"Manish Jha","2"
"Lee Hirsch","2"
"S.S. Wilson","2"
"Joe Dante","2"
"Dee Rees","2"
"Simon Wincer","2"
"Şenol Sönmez","2"
"William Brent Bell","2"
"Ifa Isfansyah","2"
"Michael D. Black","2"
"Joram Lürsen","2"
"Chris Smith","2"
"Ezekiel Norton","2"
"Stanley Moore, Alex Woo","2"
"Smeep Kang","2"
"Peter Lepeniotis","2"
"Marcelo Galvão","2"
"Sangeeth Sivan","2"
"Drake Doremus","2"
"Dennis Dugan","2"
"Wayne Blair","2"
"Alistair Legrand","2"
"Zoe Berriatúa","2"
"Sanjay Jadhav","2"
"Chito S. Roño","2"
"Mark Palansky","2"
"Chris Robinson","2"
"Michèle Ohayon","2"
"Karen J. Lloyd","2"
"Apoorva Lakhia","2"
"Karyn Kusama","2"
"Mohit Suri","2"
"Alain Desrochers","2"
"Hardik Mehta","2"
"Tyler Spindel","2"
"Anthony Giordano","2"
"Ricky Gervais","2"
"Kevin MacDonald","2"
"Cem Yılmaz","2"
"Tarun Mansukhani","2"
"George Clooney","2"
"A. L. Vijay","2"
"Cal Seville","2"
"Chris Sivertson","2"
"Sridhar Rangayan","2"
"Ali F. Mostafa","2"
"Ted Demme","2"
"Tanuja Chandra","2"
"Yorgos Lanthimos","2"
"Michael Drumm","2"
"Meltem Bozoflu","2"
"Kenny Young","2"
"Ian Edelman","2"
"Ethan Coen, Joel Coen","2"
"Reema Kagti","2"
"Matt Kugelman","2"
"Ruel S. Bayani","2"
"Khaled El Halafawy","2"
"Mark Tonderai","2"
"James Wong","2"
"Richard Rich","2"
"Luv Ranjan","2"
"Shivam Nair","2"
"Ulises Valencia","2"
"Phillip Noyce","2"
"Steven Bognar, Julia Reichert","2"
"Damián Romay","2"
"Kristian Mercado","2"
"Sofia Coppola","2"
"Rhys Thomas","2"
"Parambrata Chatterjee","2"
"Michael J. Bassett","2"
"Alexandre Avancini","2"
"J.C. Chandor","2"
"Gus Van Sant","2"
"Girish Malik","2"
"Rodrigo Van Der Put","2"
"Robert O. Peters","2"
"Aaron Sorkin","2"
"Anirban Majumder","2"
"Dan Forrer","2"
"Peter Berg","2"
"Brad Peyton","2"
"Philipp Stölzl","2"
"Dan Gilroy","2"
"Susannah Ward","2"
"James Yukich","2"
"Jared Hess","2"
"Harvey Lowry","2"
"James Wan","2"
"Alejandro Montiel","2"
"Asif Kapadia","2"
"Ross Boyask","2"
"Nikhil Advani","2"
"Saratswadee Wongsomphet","2"
"Gareth Evans","2"
"Olivier Marchal","2"
"Errol Morris","2"
"Shin Won-ho","2"
"Taika Waititi","2"
"Joyce Bernal","2"
"Federico Lemos","2"
"Peter Orton","2"
"Shakun Batra","2"
"John Hillcoat","2"
"Paul Soriano","2"
"Paul Verhoeven","2"
"Andrew Niccol","2"
"Erik Canuel","2"
"Will Yapp","2"
"Satish Kaushik","2"
"Jonathan Mostow","2"
"M. Night Shyamalan","2"
"Ahmed Zain","2"
"Frank Rajah Arase","2"
"David Dobkin","2"
"Peter Jackson","2"
"James Toback","2"
"Sean Cisterna","2"
"Christopher Smith","2"
"Bruno Garotti","2"
"Basu Chatterjee","2"
"N. Linguswamy","2"
"Lasse Hallström","2"
"Abba T. Makama","2"
"Wes Craven","2"
"Spike Jonze","2"
"Tate Taylor","2"
"J.A. Bayona","2"
"Hussein Kamal","2"
"Rizal Mantovani","2"
"Navaniat Singh","2"
"Bruce Beresford","2"
"Oz Rodriguez","2"
"Robert Altman","2"
"Vikas Bahl","2"
"Guillermo del Toro","2"
"Banjong Pisanthanakun","2"
"Claire Scanlon","2"
"Brian Robbins","2"
"Cristi Puiu","2"
"Alex Zamm","2"
"George C. Wolfe","2"
"John G. Avildsen","2"
"Jose Manuel Colón","2"
"Chanda Bell","2"
"Isaac Ezban","2"
"Alex Woo, Stanley Moore","2"
"Justin Webster","2"
"Sean Penn","2"
"Angelina Jolie","2"
"Frank Oz","2"
"Jeremy Kenyon Lockyer Corbell","2"
"Ziad Doueiri","2"
"Neil Jordan","2"
"Tsutomu Mizushima","2"
"Kasia Uscinska","2"
"Tigmanshu Dhulia","2"
"James Bobin","2"
"Kazuchika Kise","2"
"Trivikram Srinivas","2"
"Darren Lynn Bousman","2"
"Sriram Raghavan","2"
"Abhijit Panse","2"
"Dallas Jackson","2"
"Àlex Pastor, David Pastor","2"
"Sekhar Kammula","2"
"Dino Risi","2"
"Dennie Gordon","2"
"Janusz Majewski","2"
"Brian Volk-Weiss","2"
"Shigeaki Kubo, Tsuyoshi Nakakuki","2"
"Avadhoot Gupte","2"
"Jack C. Newell","2"
"Duncan Jones","2"
"Aditya Sarpotdar","2"
"Ted Emery","2"
"Jeethu Joseph","2"
"Danny Boyle","2"
"Greg Rankin, TJ Sullivan","2"
"Punit Malhotra","2"
"George Ford","2"
"Tom Ford","2"
"Raditya Dika","2"
"Toa Fraser","2"
"Oluseyi Asurf","2"
"James McTeigue","2"
"Adze Ugah","2"
"Bonni Cohen, Jon Shenk","2"
"Steven Brill","2"
"John Duigan","2"
"Daniel Alfredson","2"
"Aanand Rai","2"
"Jacob Kornbluth","2"
"Clark Johnson","2"
"Mar Targarona","2"
"Kim A. Snyder","2"
"Mysskin","2"
"Kevin Layne","2"
"Andrzej Bartkowiak","2"
"Gilles Paquet-Brenner","2"
"Florent Bodin","2"
"Herman Yau","2"
"Nadia Hallgren","2"
"Kemi Adetiba","2"
"Kyle Newacheck","2"
"Stacie Passon","2"
"Christopher Guest","2"
"Michael Damian","2"
"John Ford","2"
"Kevin Ford, Smriti Keshari, Eric Schlosser","1"
"Peter Facinelli","1"
"Matt Bell","1"
"Mariana Tschudi, Héctor Gálvez","1"
"Sivaroj Kongsakul","1"
"Jon Izen","1"
"Lydia Dean Pilcher, Ginny Mohler","1"
"Mehmet Ada Öztekin","1"
"Danny J. Boyle","1"
"Peter Mortimer, Josh Lowell","1"
"Lewis Milestone, Carol Reed","1"
"Atul Sabharwal","1"
"Gary Wheeler","1"
"Venkatesh Maha","1"
"Ramesh Sippy","1"
"Holger Tappe","1"
"Alex Stapleton","1"
"Majid Majidi","1"
"Elizabeth Wood","1"
"Oren Uziel","1"
"Paul Weitz","1"
"Gary Young","1"
"Tarek Abdel Moaty","1"
"Tatsushi Omori","1"
"Barry Jenkins","1"
"Tekin Girgin","1"
"Santram Varma","1"
"Krzysztof Zanussi","1"
"Anthony Scott Burns","1"
"Honey Trehan","1"
"Rajesh Mapuskar","1"
"Che Sandoval","1"
"Asim Raza","1"
"Seth Barrish, Mike Birbiglia","1"
"Jan Komasa","1"
"Marc Meyers","1"
"Zach Braff","1"
"Célia Catunda, Kiko Mistrorigo, Rodrigo Eba","1"
"Barry Gonzalez","1"
"Sandra Restrepo","1"
"Rusty Nixon","1"
"Terry Gilliam, Terry Jones","1"
"Maya Forbes","1"
"Ariel Vromen","1"
"Regina Welker, Nina Wels","1"
"David Hunt","1"
"Prawal Raman","1"
"Chandra Liow","1"
"Alex Garland","1"
"Juliana Vicente","1"
"Edgar Wright","1"
"Mahmoud al Massad","1"
"George Stevens","1"
"Gurudev Bhalla","1"
"Shanawaz Nellikunnil","1"
"Phyllida Lloyd","1"
"Richard Greenberg","1"
"Justin Kelly","1"
"Benjamin Arfmann","1"
"Pulkit","1"
"Brian Skiba","1"
"Aleksey German","1"
"V. Scott Balcerek","1"
"Borja Cobeaga","1"
"Jee-woon Kim","1"
"Matt Wechsler","1"
"Einar Gabbassov","1"
"Joe Swanberg","1"
"Nitesh Tiwari","1"
"Gervasio Iglesias, Alexis Morante","1"
"Louis Leterrier","1"
"Mitch Gould","1"
"Renato De Maria","1"
"Mark McQueen","1"
"Geetu Mohandas","1"
"Olivier Megaton","1"
"Terry Jones","1"
"Will Canon","1"
"Ben Patterson","1"
"Michel Tikhomiroff","1"
"Colin Strause, Greg Strause","1"
"Nicholas Hytner","1"
"Ahmet Katıksız","1"
"Paula Apsell, Kirk Wolfinger","1"
"Giancarlo Esposito","1"
"Mark Craig","1"
"Abhishek Varman","1"
"Jaume Collet-Serra","1"
"Remi Weekes","1"
"Eric Idle, Aubrey Powell","1"
"Álvaro Longoria, Gerardo Olivares","1"
"Christian Zübert","1"
"David Guy Levy","1"
"Henrik Ruben Genz","1"
"Norberto López Amado","1"
"Rodrigo Triana","1"
"Kiki Goshay, Jacqueline Monetta","1"
"Puneet Sira","1"
"Haissam Hussain","1"
"So Yong Kim","1"
"Tony Kaye","1"
"Hanno Olderdissen","1"
"Matheus Souza","1"
"Alan Yang","1"
"Armando Iannucci","1"
"Sam Hobkinson","1"
"Kyle Rideout","1"
"Arjun Gourisaria, Moinak Biswas","1"
"Brit McAdams","1"
"Lucien Bourjeily","1"
"William Wyler, John Sturges","1"
"Tiffanie Hsu","1"
"Dheeraj Berry","1"
"Joe Nussbaum","1"
"Courtney Hunt","1"
"Mary Harron","1"
"Jamie M. Dagg","1"
"Sam de Jong","1"
"Daniel Lee","1"
"Marla M. Ancheta","1"
"Dianne Dreyer","1"
"Arthur Allan Seidelman","1"
"Sarjun","1"
"Raja Menon","1"
"Lorena Munoz","1"
"Robi Michael","1"
"Yasuhiro Irie","1"
"Shamyl Othman","1"
"Derek Yee","1"
"Mike Fleiss","1"
"Sung Do-jun","1"
"Terry Loane","1"
"Leticia Jorge Romero","1"
"Rohan Sippy","1"
"Dejan Zečević","1"
"Gauravv K Chawla","1"
"Camille Shooshani","1"
"Daniel Benmayor","1"
"Kristin Hanggi","1"
"Rajesh Touchriver","1"
"Ayaan Mukherji","1"
"Renny Harlin","1"
"Shivendra Singh Dungarpur","1"
"Franziska Meyer Price","1"
"Yuki Tanada","1"
"Khalid Mohamed","1"
"Sarik Andreasyan","1"
"Naya Anindita","1"
"Moataz El Tony","1"
"Leandro Mark, Nicolás Silbert","1"
"Adam Nimoy","1"
"Karan Malhotra","1"
"Adam Sjöberg","1"
"Jesús Magaña Vázquez","1"
"Monique Gardenberg","1"
"Inas El-Degheidy","1"
"Matt Palmer","1"
"Chris Perkel","1"
"Eric Summer, Éric Warin","1"
"Tolga Karaçelik","1"
"Clay Kaytis","1"
"Keenen Ivory Wayans","1"
"Binu Ulahhannan","1"
"Carey McKenzie","1"
"Rana Eid","1"
"Akhil Paul, Anas Khan","1"
"Sonia Lowman","1"
"Shawn Crahan","1"
"Nguyen Thanh Tung","1"
"Richard van't Riet","1"
"David Blair","1"
"Christian Charles","1"
"Jijo Pancode","1"
"Hemant Gaba, Pratim D. Gupta, Sudhish Kamath, Nalan Kumarasamy, Anu Menon, Sandeep Mohan, Qaushiq Mukherjee, Rajshree Ojha, Raja Sen, Abhinav Shiv Tiwari, Suparn Verma","1"
"Ellena Wood, Jesse Vile","1"
"Tejas Prabha Vijay Deoskar","1"
"Aytaç Ağırlar","1"
"Ross Kauffman","1"
"Hang-Jun Jang","1"
"Naoto Amazutsumi","1"
"Luis Mandoki","1"
"Beth Sleven, Allan Jacobsen, Kevin Wotton","1"
"Hèctor Hernández Vicens","1"
"Yeung Yat-Tak","1"
"Shawn Arranha","1"
"Matias Mariani","1"
"Michael Del Monte","1"
"Nimród Antal","1"
"Chris Kelly","1"
"Mohammed Alhmly","1"
"Aditya Vikram Sengupta","1"
"Geoffrey Orthwein, Andrew Sullivan","1"
"Bob Nelson","1"
"Rod Cabatana Marmol","1"
"Halder Gomes","1"
"Wash Westmoreland","1"
"Matt D'Elia","1"
"Manish Tiwary","1"
"Michael Winnick","1"
"Andrew Slater","1"
"Roberto Santucci","1"
"Ding-Lin Wang","1"
"Lee Chang-dong","1"
"Daniele Thompson","1"
"Mark Rosman","1"
"Marek Losey","1"
"Sabrina Rochelle Kalangie","1"
"R. Kannan","1"
"Sudabeh Mortezai","1"
"Lawrence Cheng","1"
"Kranthi Madhav","1"
"Chung Mong-hong","1"
"Sajid Khan","1"
"Craig Anderson","1"
"Justin Chon","1"
"Jacob Joice","1"
"Axelle Laffont","1"
"Colin Trevorrow","1"
"Jeremiah Zagar","1"
"Gary Mak","1"
"Joshua Caldwell","1"
"Sagar Sarhadi","1"
"Marco Risi","1"
"Rudy Soedjarwo","1"
"Pedring A. Lopez","1"
"Miguel Arteta","1"
"John Erick Dowdle","1"
"Alfonso Serrano Maturino","1"
"Sorin Dan Mihalcescu","1"
"Hasraf Dulull","1"
"Sarah Moshman","1"
"Jean-Simon Chartier","1"
"Mike McCoy, Scott Waugh","1"
"Peter Mimi","1"
"Safdar Rahman","1"
"Christian E. Christiansen","1"
"Makoto Shinkai","1"
"Sushrut Jain","1"
"Felix Binder","1"
"Rachel Griffiths","1"
"Daniel McCabe","1"
"Jacob Schwab","1"
"Luis Prieto","1"
"Vikram Gandhi","1"
"Josh Izenberg, Wynn Padula","1"
"Paul Urkijo Alijo","1"
"Weica Wang","1"
"Matthias Hoene","1"
"Harry Elfont, Deborah Kaplan","1"
"Vandana Kataria","1"
"Bauddhayan Mukherji","1"
"Sean Baker","1"
"Muhammad Fadl, Hany Motawie","1"
"Dylan Haegens, Bas van Teylingen","1"
"Ana Kokkinos","1"
"Karan Anshuman","1"
"Zhang Yimou","1"
"Naman Nitin Mukesh","1"
"Benedict Andrews","1"
"Steven Gomez","1"
"Edoardo Ponti","1"
"Tobe Hooper","1"
"Kiko Cruz Claverol, Patricia Font","1"
"Mike Birbiglia","1"
"Ishi Rudell, Jayson Thiessen","1"
"Bassam Tariq","1"
"Madeleine Gavin","1"
"Emir Kusturica","1"
"Randall Lobb","1"
"Max Lang, Jani Lachauer","1"
"Nandita Das","1"
"James Mather, Steve Saint Leger","1"
"Jitendra Tiwari, Pranav Singh","1"
"Le Van Kiet","1"
"Cody Stokes","1"
"Paulo Oriol","1"
"Anne Fletcher","1"
"Ganesh Kadam","1"
"Nuel Naval","1"
"Anders Sømme Hammer, Marius Arnesen, Klaus Erik Okstad, Olav Njaastad","1"
"Saandeep Patel","1"
"Nishanth Ravindaran, Jathin Sanker Raj","1"
"Bryan Buckley","1"
"Cary Murnion, Jonathan Milott","1"
"Remy Kohli","1"
"Josh Z. Weinstein, Joshua Z. Weinstein","1"
"John Scheinfeld","1"
"Paul Serafini","1"
"Mark Williams","1"
"Maris Curran","1"
"Fred Wolf","1"
"Chun Wong","1"
"Udai Singh Pawar","1"
"Robert Townsend","1"
"Ann Deborah Fishman","1"
"William H. Macy","1"
"Sydney Sibilia","1"
"Andrew Bujalski","1"
"Todd Kauffman, Mark Thornton","1"
"Kevin Phillips","1"
"Joe Dietsch, Louie Gibson","1"
"Lucien Jean-Baptiste","1"
"Jean-Loup Felicioli, Alain Gagnol","1"
"Bassam Kurdali","1"
"Rob Zombie","1"
"Ben Younger","1"
"Michael Pressman","1"
"Aaron Nee, Adam Nee","1"
"Lasse Hallström, Joe Johnston","1"
"Tony Leondis","1"
"Ritu Sarin, Tenzing Sonam","1"
"Sidharth Malhotra","1"
"Jorge Hernandez Aldana","1"
"Anjali Nayar","1"
"Lee Fulkerson","1"
"Al Campbell, Alice Mathias","1"
"Jordan Brady","1"
"Sanjay Leela Bhansali","1"
"Ruchi Narain","1"
"Howard Zieff","1"
"Vincente Minnelli, Charles Walters","1"
"Anil Sharma","1"
"Avinash Arun","1"
"Desingh Periyasamy","1"
"Harvey Lilley","1"
"Mark Franchetti, Andrew Meier","1"
"Ed Lilly","1"
"Ryu Jung-woo","1"
"Javier Ambrossi, Javier Calvo","1"
"Jeremiah Jones","1"
"Deepika Narayan Bhardwaj","1"
"Sharmeen Obaid-Chinoy","1"
"Chris Rock","1"
"Jun-seong Kim","1"
"Laurent Bouzereau","1"
"Bruce Gowers","1"
"Alex Infascelli","1"
"Paul Dano","1"
"Prem Soni","1"
"Jim Monaco","1"
"Dennis Iliadis","1"
"Harry Chaskin","1"
"Huang Lei","1"
"Robert Kouba","1"
"Kevin Pollak","1"
"Ramesh Talwar","1"
"Adrian Murray","1"
"Rarecho","1"
"Madonna","1"
"Indrasis Acharya","1"
"Ertanto Robby Soediskam","1"
"Chris Bell, Josh Alexander, Greg Young","1"
"Madeleine Parry","1"
"Eric Goode, Rebecca Chaiklin","1"
"Simranjit Singh Hundal","1"
"Andy Goddard","1"
"Yibrán Asuad","1"
"Mamat Khalid","1"
"Brent Maddock","1"
"Esteban Crespo","1"
"Michael Epstein","1"
"David Allensworth, Monière","1"
"Billy Corben","1"
"Mike Ezuruonye","1"
"Michael Polish","1"
"Jay Russell","1"
"Jimmy Henderson","1"
"Christel Gibson","1"
"Simon Baker","1"
"Chandan Arora","1"
"Greg Richardson","1"
"Carlos Marques-Marcet","1"
"Martin Lawrence","1"
"Christian Alvart","1"
"Jagdeep Sidhu","1"
"Sean Olson","1"
"Isaki Lacuesta, Isa Campo","1"
"Steven Zaillian","1"
"Aijaz Khan","1"
"Katherine Fairfax Wright","1"
"Ajithkumar","1"
"David Salzberg, Christian Tureaud","1"
"Denny Lu, Mike Myhre","1"
"Pablo Parés","1"
"Paco Arango","1"
"Kevin R. Adams, Joe Ksander","1"
"Arthur Muhammad","1"
"Kieran Darcy-Smith","1"
"Syed Atif Ali","1"
"Wojciech Marczewski","1"
"Kief Davidson, Pedro Kos","1"
"Rahul Dholakia","1"
"Jonathan Helpert","1"
"Adekunle Nodash Adejuyigbe","1"
"Gideon Raff","1"
"Takeshi Fukunaga","1"
"Jonathan Sobol","1"
"Sudha Kongara, Vignesh Shivan, Gautham Vasudev Menon, Vetri Maaran","1"
"Francis Ford Coppola","1"
"Rene Bueno","1"
"Vijay S. Bhanushali","1"
"Sarah Holt","1"
"Gordon Anderson","1"
"Abbas Mustan","1"
"Meng Hua Ho","1"
"Genndy Tartakovsky","1"
"Russell Crowe","1"
"Garin Nugroho","1"
"Grant Singer","1"
"Abu Bakr Shawky","1"
"Basava Shankar Eeday","1"
"Rachel Lears","1"
"Anne Fontaine","1"
"Amber Tamblyn","1"
"Amanda Micheli","1"
"Hideaki Anno","1"
"Ian Nelms, Eshom Nelms","1"
"Sydney Freeland","1"
"Raffi Ahmad, Arie Azis","1"
"Robin Aubert","1"
"Mat Whitecross","1"
"Michael Anderson","1"
"Guilherme Fontes","1"
"Geun-hyun Cho","1"
"Alexandre Heboyan, Benoît Philippon","1"
"Bradley Walsh","1"
"Fernando Moro","1"
"Alphonso J. Wesson","1"
"Salim Akil","1"
"Rami Hachache","1"
"Kireet Khurana, Padmakumar Narasimhamurthy","1"
"Ali Taner Baltacı, Cem Yılmaz","1"
"Maha Venkatesh","1"
"Mathias Malzieu, Stéphane Berla","1"
"Syrine Boulanouar, Nekfeu","1"
"Kristina Goolsby, Ashley York","1"
"Tope Alake","1"
"Pablo D'Alo Abba","1"
"Mohammed Hussain","1"
"Fernando Colomo","1"
"Kaizad Gustad","1"
"Peter Nicks","1"
"Chris Buck, Kevin Lima","1"
"Tony Giglio","1"
"Emily Hagins","1"
"Susan Lambert, Stefan Moore","1"
"Graham Townsley","1"
"Arun Chidambaram","1"
"John Butler","1"
"Amin Dora","1"
"Joshua Tickell, Rebecca Harrell Tickell","1"
"Tim Bartley","1"
"Sacha Gervasi","1"
"Anna Boden, Ryan Fleck","1"
"Scott Aukerman","1"
"Tim Blake Nelson","1"
"Christopher Martin","1"
"Fabien Beziat, Hugues Nancy","1"
"Ivan Sen","1"
"Teo Konuralp","1"
"Simon Stone","1"
"Feroz","1"
"Juan Carlos Rulfo","1"
"Tom Gianas, Ross R. Shuman","1"
"Michael James Regan","1"
"Aaron Hann, Mario Miscione","1"
"Vivek Wagh","1"
"Álvaro Delgado-Aparicio L.","1"
"Bharat Jain","1"
"Venugopan","1"
"Femi Oyeniran, Kalvadour Peterson","1"
"Karim El Sobky","1"
"Linda Saffire, Adam Schlesinger","1"
"Joel Coen, Ethan Coen","1"
"Trish Sie","1"
"Lô Politi","1"
"Leanne Gater","1"
"Ashish R. Shukla","1"
"Pierre Deschamps","1"
"John Stephenson","1"
"Shadab Khan","1"
"Carlos Sedes","1"
"Christopher Murray","1"
"Randall Lobb, Robert McCallum","1"
"Travis Stevens","1"
"Diego Lerman","1"
"Richard Sears","1"
"Uraaz Bahl","1"
"Rob Smat","1"
"Ibrahim Bin Mohamed, Hasan Aljaberi","1"
"August Jakobsson","1"
"Ekene Som Mekwunye","1"
"Jon Gunn","1"
"Giulio Base","1"
"David Shisgall","1"
"Wi Ding Ho","1"
"Shyamal Chaulia, Asit Mohapatra","1"
"Rima Das","1"
"Ivan Andrew Payawal","1"
"Billy Bob Thornton","1"
"Isaac Florentine","1"
"Laxman Utekar","1"
"Lorene Machado","1"
"Siddique","1"
"Nelson McCormick","1"
"Nuhash Humayun, Syed Ahmed Shawki, Rahat Rahman, Robiul Alam Robi, Golam Kibria Farooki, Mir Mukarram Hossain, Tanvir Ahsan, Mahmudul Islam, Abdullah Al Noor, Krishnendu Chattopadhyay, Syed Saleh Ahmed Sobhan","1"
"Nicholas Winter","1"
"Terrie Samundra","1"
"James Barr","1"
"Stephen Herek","1"
"Arne Birkenstock","1"
"Alison MacLean","1"
"Fernando Frías de la Parra","1"
"Jasmine D'Souza","1"
"Daniel Yee Heng Chan","1"
"Jacob Joice, Steve Ball","1"
"Alan Rickman","1"
"Quinn Lasher","1"
"Deepa Mehta","1"
"Gupse Özay","1"
"Julian Jarrold","1"
"Julius Onah","1"
"Brie Larson","1"
"Yılmaz Erdoğan, Ömer Faruk Sorak","1"
"Matt Angel, Suzanne Coote","1"
"Vicky Matthews, Gareth Sacala","1"
"Kyzza Terrazas","1"
"Elite Zexer","1"
"Kazuaki Kiriya","1"
"Navinder Pal Singh","1"
"Anthony Bell","1"
"Thiagarajan Kumararaja","1"
"Stig Bergqvist, Paul Demeyer","1"
"Serdar Akar","1"
"Brittany Andrews","1"
"Tom Green","1"
"Craig Goodwill","1"
"Asit Mohapatra, Shyamal Chaulia","1"
"Ariel Boles","1"
"Vijay Kumar","1"
"Rajesh Ganguly","1"
"Julián Hernández","1"
"David Wnendt","1"
"Dylan Bank, Daniel DiMauro, Morgan Pehme","1"
"Chris Koch","1"
"Steve Cheng","1"
"Doug Lefler","1"
"Vanessa Roth","1"
"Yoshiyuki Momose","1"
"Lisa Arnold","1"
"Ranjit Jeyakodi","1"
"Ashu Trikha","1"
"Karen Moncrieff","1"
"Sai Paranjape","1"
"Gaby Dellal","1"
"Jason Winer","1"
"Tristan Ferland Milewski","1"
"Eva Trobisch","1"
"Vibhu Virender Puri","1"
"Rusty Cundieff, Darin Scott","1"
"Matthew Shoychet","1"
"Navneet Behal","1"
"John Michael McDonagh","1"
"Agustí Villaronga","1"
"Paul Berczeller, Mark Radice","1"
"Vasan Bala","1"
"Chester Tam","1"
"Trent Haaga","1"
"Daniel Mann","1"
"Dana Nachman, Don Hardy Jr.","1"
"Thom Zimny","1"
"Chris Blake","1"
"Denis Villeneuve","1"
"Jon Reiner, Brad Rothschild","1"
"Dan Harris","1"
"Rodrigo Salomón, Pietro Scappini","1"
"Geoff Anderson","1"
"Leung Lok Man, Luk Kim-ching","1"
"Selima Taibi","1"
"Ahishor Solomon","1"
"Joe Robert Cole","1"
"Noel Dockstader, Quinn Kanaly","1"
"Tom Whitworth","1"
"David Sington","1"
"Shazia Javed","1"
"Young Jun Lee","1"
"Madeleine Parry, Jon Olb","1"
"Shashanka Ghosh, Samit Basu","1"
"Neeraj Udhwani","1"
"Mark Harris","1"
"Joe Miale","1"
"Ahsan Rahim","1"
"Ross Venokur","1"
"Alastair Fothergill, Jonnie Hughes, Keith Scholey","1"
"Jonás Trueba","1"
"Justin Pemberton","1"
"Johnny Kevorkian","1"
"Ali Taner Baltacı","1"
"Adam Leon","1"
"Amman Abbasi","1"
"Harry Bradbeer","1"
"Jennifer Morrison","1"
"He Xiaofeng","1"
"Fabrice Du Welz","1"
"Nathan Landeg","1"
"David Serrano","1"
"Lenny Abrahamson","1"
"Richard Phelan, Will Becher","1"
"Sachin Kamlakar Khot","1"
"Leslye Headland","1"
"Sunao Katabuchi","1"
"Caryn Waechter","1"
"Paul Greengrass","1"
"Kazuchika Kise, Masahiko Murata","1"
"Shaul Schwarz, Christina Clusiau","1"
"Benjamin Cohen, Nicolas Cotto","1"
"Peter Sattler","1"
"Fabrizio Copano, Augusto Matte","1"
"Nirpal Bhogal","1"
"Meenu Gaur, Farjad Nabi","1"
"Inma Torrente","1"
"George Gallo","1"
"Anand Kamalakar","1"
"Neil Triffett","1"
"Tianyu Zhao","1"
"Andrew Tan, Stephen Murray","1"
"Brodje Wemboendja","1"
"DJ Chen","1"
"Bhavin Wadia","1"
"Frédéric Tonolli","1"
"Kevin Munroe","1"
"Amol Palekar","1"
"Ivan Ayr","1"
"Mohammad Adel","1"
"Nick Mead","1"
"Josh Mendoza","1"
"Richard Bailey","1"
"Julien Abraham","1"
"Rob Meyer","1"
"Florian Gallenberger","1"
"Laurent Cantet","1"
"Yen Cheng-kuo","1"
"Mark Murphy","1"
"Woody Allen","1"
"Timo Vuorensola","1"
"Jakob Lass","1"
"Mijke de Jong","1"
"Jevons Au, Zune Kwok, Chow Kwun-wai, Ng Ka-Leung, Wong Fei-Pang","1"
"Midhun Manuel Thomas","1"
"Hoyt Yeatman","1"
"Eeshwar Nivas","1"
"Yang Woo-seok","1"
"Pierre Coré","1"
"Sanjiv Jaiswal","1"
"Dhruv Dhawan","1"
"Michael Cumming","1"
"Sergio Leone","1"
"Dimitri Logothetis","1"
"Jody Lambert","1"
"Eric Zaragosa","1"
"Grant Sputore","1"
"Jocelyn Moorhouse","1"
"Nakul Singh Sawhney","1"
"Jon Greenhalgh","1"
"Alfonso Rodríguez","1"
"Isabelle Nanty","1"
"Ricky Gervais, Matthew Robinson","1"
"Biswajeet Bora","1"
"Surya S.J., Sunil Kumar Agrawal","1"
"Cheta Chukwu","1"
"Jean-Marc Vallée","1"
"Antonio Chavarrías","1"
"Matthew Cooke","1"
"Alex Merkin","1"
"Vir Das","1"
"Aaron Hancox, Michael McNamara","1"
"Law Wing-cheong","1"
"Zachary Heinzerling","1"
"Dado C. Lumibao","1"
"Maxwell McGuire","1"
"Anu Menon","1"
"Doug Hamilton","1"
"Amy Poehler","1"
"Andrew Wessels","1"
"Josh Wakely","1"
"Romain Gavras","1"
"Chuck Russell","1"
"Jude Okwudiafor Johnson","1"
"Jeff Chan","1"
"Alexandros Avranas","1"
"Ethan Hawke","1"
"Sebastian DiNatale","1"
"Rodrigo Toro, Francisco Schultz","1"
"Tolga Örnek","1"
"Hugh WIlson","1"
"Tom Stern","1"
"Priyadarshan, Kookie V. Gulati","1"
"Hong-seon Kim","1"
"Julio Soto Gurpide","1"
"Oliver Daly","1"
"Justin Lee","1"
"Nancy Meyers","1"
"David McCracken","1"
"Chris McCoy","1"
"Riccardo Milani","1"
"Vicky Wight","1"
"Fernando Meirelles, Katia Lund","1"
"Sarthak Dasgupta","1"
"Morgan Matthews","1"
"Luis Ara, Ignacio Jaunsolo","1"
"Milla Harrison-Hansley, Alicky Sussman","1"
"David Oelhoffen","1"
"Norm Hiscock, Gary Howsam, Mike Smith, John Paul Tremblay, Robb Wells","1"
"Stefon Bristol","1"
"Pepe Bojórquez","1"
"Funke Akindele","1"
"Aitor Arregi, Jon Garaño, Jose Mari Goenaga","1"
"David de Vos","1"
"Jenna Laurenzo","1"
"Justin Benson, Aaron Moorhead","1"
"Yance Ford","1"
"Jean-Patrick Benes","1"
"Raj R","1"
"Linas Phillips","1"
"Francisco D'Eufemia","1"
"Eddie Mensore","1"
"John Woo","1"
"Simon Verhoeven","1"
"Anvita Dutt","1"
"Gordon Parks","1"
"Vikram Bhatt","1"
"Lu Yang","1"
"Neeraj Vora","1"
"Vince Gilligan","1"
"William Monahan","1"
"Louie Psihoyos","1"
"David Wain","1"
"Buta Singh","1"
"Todd S. Yellin","1"
"Hayao Miyazaki","1"
"Jim Fall","1"
"Pablo Giorgelli","1"
"Eric Laneuville","1"
"David Fairhead, Anthony Palmer","1"
"Jenny Popplewell","1"
"James Franco","1"
"Corbin Bernsen","1"
"Kief Davidson, Richard Ladkani","1"
"Yuen Woo-ping","1"
"Kathryn Bigelow","1"
"Mu Chu","1"
"Munish Bhardwaj","1"
"Álvaro Brechner","1"
"Luis Lopez","1"
"Caroline Suh","1"
"Hashim Nadeem Khan","1"
"Charlie Vaughn","1"
"Rebecca Addelman","1"
"Andrew Dean","1"
"Thomas Toby Parkinson","1"
"Doesjka van Hoogdalem","1"
"Kheiron","1"
"Bruce W. Smith","1"
"Gulzar","1"
"Lauren Miller Rogen","1"
"Jackie van Beek, Madeleine Sami","1"
"David Moreton","1"
"Jim Mickle","1"
"Partha Chakraborty","1"
"Cecilia Atán, Valeria Pivato","1"
"Felipe Cano","1"
"Chad Archibald","1"
"Sebastian Gutierrez","1"
"Chris Foggin","1"
"Scott Martin","1"
"Matt Eskandari","1"
"Victor Levin","1"
"Fernando Lebrija","1"
"Lucas Figueroa","1"
"Terry George","1"
"Lydia Tenaglia","1"
"Chris Bolan","1"
"Lucky Kuswandi","1"
"Malcolm D. Lee","1"
"Ahn Byoung-wook","1"
"Jacques Perrin, Jacques Cluzaud","1"
"Akira Saitoh","1"
"Jason Bourque","1"
"Steve Barker","1"
"Sebastian Jones, Ramez Silyan","1"
"Ranjit Tiwari","1"
"Luke Sparke","1"
"Cary Joji Fukunaga","1"
"Marco Bonfanti","1"
"John Dower","1"
"Shubham Singh","1"
"Alexis Morante","1"
"Han Yan","1"
"Teddy Lussi-Modeste","1"
"Onur Tukel","1"
"Paul Spurrier","1"
"Keerthi","1"
"Neil Armfield","1"
"Andy Devonshire","1"
"Antongiulio Panizzi","1"
"Lester Hsi","1"
"Oyefunke Fayoyin","1"
"Robert Krantz","1"
"Andrew Tan, Michael Goguen","1"
"Devashish Makhija","1"
"Bruce McCulloch","1"
"Pawan K Shrivastava","1"
"Brian Knappenberger","1"
"Sylvie Verheyde","1"
"Bo Welch","1"
"Shaz Bennett","1"
"Faraz Haider","1"
"Adam Smith","1"
"Ole Bornedal","1"
"Mauro Scandolari","1"
"Thomas Vinterberg","1"
"Prentice Penny","1"
"Adam Wingard","1"
"Bobby Farrelly, Peter Farrelly","1"
"Rohit Mittal","1"
"Greg Barker","1"
"Rodrigo Reyes","1"
"Vijay","1"
"Jovanka Vuckovic, Annie Clark, Roxanne Benjamin, Karyn Kusama","1"
"Kiran Narayanan","1"
"Demetri Martin","1"
"Carlos Therón","1"
"Anindya Chatterjee","1"
"René Pérez Joglar","1"
"Matt Toronto","1"
"Jonathan Glazer","1"
"Alexander Nevsky","1"
"Claude Barras","1"
"Alberto Rodríguez","1"
"Chandrakant Kanse","1"
"Julien Rambaldi","1"
"Andrew C. Erin","1"
"Chris Buck, Jennifer Lee, Patrick Osborne, Lauren MacMullan, John Kahrs, Nathan Greno, Byron Howard, Stevie Wermers, Dean Wellins, Kevin Deters, Roger Allers, Mike Gabriel, Mark Henn","1"
"Lukasz Kosmicki","1"
"Theo Davies","1"
"Shaina Allen","1"
"Manmohan Desai","1"
"Vicente Villanueva","1"
"Raphael Erichsen","1"
"Joseph Mbah","1"
"Frasco Mortiz","1"
"Robert Nixon, Fisher Stevens","1"
"Mike Disa","1"
"Floria Sigismondi","1"
"Anthony Abrams, Adam Larson Broder","1"
"Jon Avnet","1"
"Andrew Nackman","1"
"Robert Kenner, Taki Oldham","1"
"Jayan Moodley","1"
"Caradog W. James","1"
"Yusuf Pirhasan","1"
"Sanjay Dayma","1"
"Michael Barnett","1"
"Swapna Waghmare Joshi","1"
"Chan-sang Lim","1"
"Keanu Reeves","1"
"Toshiyuki Tsuru","1"
"Habib Faisal","1"
"Banjong Pisanthanakun, Parkpoom Wongpoom","1"
"Vonda Harrell, Daniel Camenisch","1"
"Rod Blackhurst","1"
"Ismail Farouk, Hazem Fouda","1"
"July Hygreck","1"
"Trey Haley","1"
"Mikael Håfström","1"
"Joe Menendez","1"
"Archie Borders","1"
"Matt D'Avella","1"
"Abhijit Kokate, Srivinay Salian","1"
"Katleho Ramaphakela, Rethabile Ramaphakela","1"
"Serge Ou","1"
"Gordon Chan","1"
"Rajeev Patil","1"
"Hayden Guppy","1"
"Bill Oliver","1"
"Javier Colinas","1"
"Mark Zwonitzer","1"
"Alfons Adetuyi","1"
"Craig Monahan","1"
"Glen Winter","1"
"Andrés Feddersen","1"
"Stéphane de Freitas","1"
"Glen Keane","1"
"Stefano Mordini","1"
"Lijo Jose Pellissery","1"
"Ketche","1"
"Brendan Malloy, Emmett Malloy","1"
"Elvira Lind","1"
"Alfonso Cortés-Cavanillas","1"
"Richard Loncraine","1"
"Lori Kaye","1"
"Lindsey Cordero, Armando Croda","1"
"Jatla Siddartha","1"
"Bolanle Austen-Peters","1"
"Daniel Sánchez Arévalo","1"
"RZA","1"
"Anuranjan Premji","1"
"Hamad AlSarraf","1"
"Sabu Varghese","1"
"Umut Kirca","1"
"Stephanie Turner","1"
"Shree Narayan Singh","1"
"Anusha Rizvi, Mahmood Farooqui","1"
"Hiroyuki Seshita","1"
"Sabaah Folayan, Damon Davis","1"
"Conor Allyn","1"
"Ron Underwood","1"
"Sally Potter","1"
"Bradley Parker","1"
"Volker Weicker","1"
"Matt Shakman","1"
"Sherif Ismail","1"
"Charles Uwagbai","1"
"Callie Khouri, Jesse V. Johnson","1"
"Gabriel Clarke, Torquil Jones","1"
"Tom Forrest","1"
"Junior Carelli, Rudge Campos","1"
"Obaid Alhmoudi","1"
"Houda Benyamina","1"
"Rocky Soraya, Anggy Umbara","1"
"Michael Civille","1"
"Xavier Manrique","1"
"José Eduardo Belmonte","1"
"Pavitra Chalam, Akshay Shankar","1"
"Eduardo Mendoza de Echave","1"
"Vijay Jayapal","1"
"Sergei Bodrov","1"
"Johan Brisinger","1"
"Micah Bickham, Galley Molina","1"
"Leïla Sy, Kery James","1"
"Bille August","1"
"Andrew Dominik","1"
"Dorian Fernández-Moris","1"
"Levan Tsikurishvili","1"
"Robert Kenner","1"
"Devaki Singh, Luke Kenny","1"
"Shelly Chopra Dhar","1"
"Lee Toland Krieger","1"
"Tig Notaro","1"
"Drea Cooper, Zackary Canepari","1"
"Simon Rumley","1"
"Jan Holoubek","1"
"Jonathan Baker","1"
"Niall Johnson","1"
"Billy Ray","1"
"Prakash Kunte","1"
"Joel Schumacher","1"
"Enrico Bisi","1"
"Jay Chou","1"
"Drew Stone","1"
"Jason Zada","1"
"Philippe Falardeau","1"
"Clint Butler","1"
"Michael Whitton","1"
"Debra Granik","1"
"Georges Hachem","1"
"Macon Blair","1"
"Muharrem Gülmez, Sırrı Süreyya Önder","1"
"Allen Coulter","1"
"Muhammad Ali","1"
"Alexx Media","1"
"Antonin Baudry","1"
"Max McGill","1"
"Dylan Mohan Gray","1"
"Ben Steele","1"
"Amshan Kumar","1"
"Brian Smrz","1"
"Zeke Norton","1"
"Soumitra Ranade","1"
"Francis Whately","1"
"Paul Miller","1"
"Enrique García Meza","1"
"Rob Silvestri","1"
"Gary Fleder","1"
"Prashant Nair","1"
"Mads Matthiesen","1"
"Michael Seater","1"
"Rachel Talalay","1"
"Alex Richanbach","1"
"D Ho","1"
"Ellen Brown","1"
"David Stubbs","1"
"Karan Lalit Butani","1"
"Phanindra Narsetti","1"
"Soukarya Ghosal","1"
"Brad Silberling","1"
"Louise Alston","1"
"Ashish R. Mohan","1"
"Saravana Rajan","1"
"Shravan Kumar","1"
"Richard Shepard","1"
"Henry Selick","1"
"Lasja Fauzia Susatyo","1"
"Malik Nejer","1"
"Heber Cannon, Mariah Moore, Marston Sawyers","1"
"David Schalko","1"
"Rodrigo Guardiola, Gabriel Cruz Rivas","1"
"Gabe Klinger","1"
"Jay Grace","1"
"Elliott Lester","1"
"Gavin Fitzgerald","1"
"Joshua Marston","1"
"Michael Margolis","1"
"Linda Otto","1"
"Dilip Mehta","1"
"Frank Capra, Joris Ivens","1"
"Nicholas Zeig-Owens","1"
"Arnon Manor, Timothy Ware-Hill","1"
"Michael Mason","1"
"Genevieve Nnaji","1"
"Saket Chaudhary","1"
"Luke Jurevicius","1"
"Asri Bendacha","1"
"Don Mancini","1"
"Rick Morales","1"
"Phil Roman","1"
"Pavel Parkhomenko","1"
"Buz Wallick","1"
"Henry Joost, Ariel Schulman","1"
"Jitender Pawar","1"
"Gary Michael Schultz","1"
"Joe Mantello","1"
"Dan Bush","1"
"Maria Demeshkina Peek","1"
"Ben Bowie, Geoff Luck","1"
"Ian MacNaughton","1"
"Manish Gupta","1"
"Gabriela Cowperthwaite","1"
"Fernando Coimbra","1"
"Nils Tavernier","1"
"Gauri Shinde","1"
"Noah Moskin","1"
"Shalini Kantayya","1"
"Jean-Claude La Marre","1"
"Jeremy Coon, Tim Skousen","1"
"Katherine Brooks","1"
"Mike Wiluan","1"
"Audu Paden, Eric Radomski","1"
"Brian Baugh","1"
"Julio Medem","1"
"Jacek Koprowicz","1"
"Vijay Roche","1"
"Hugues Nancy, Fabien Beziat","1"
"Lee Eung-bok","1"
"Marc Francis, Max Pugh","1"
"Francesco Lettieri","1"
"Michael John Warren","1"
"Sébastien Betbeder","1"
"Frank Capra, Anatole Litvak","1"
"Matías Bize","1"
"Gabriel Grieco","1"
"Majid Al Ansari","1"
"Sartaj Singh Pannu","1"
"Shadi Ali","1"
"Preston A. Whitmore II","1"
"Martín Sastre","1"
"Nizar Shafi","1"
"Charneice Fox","1"
"Carlos Pérez Osorio","1"
"Keith L. Smith","1"
"Ron Krauss","1"
"Nanette Burstein","1"
"Mir-Jean Bou Chaaya","1"
"Martin Rosete","1"
"Clovis Cornillac","1"
"David Cronenberg","1"
"Marianna Palka","1"
"Michel Gondry","1"
"Suman Mukhopadhyay","1"
"Unjoo Moon","1"
"Ramón Salazar","1"
"K. Gopinathan","1"
"Stephen S. Campanelli","1"
"Mike Nicoll","1"
"Carlos Algara, Alejandro Martinez-Beltran","1"
"Myriam Aziza","1"
"Maximilian Erlenwein","1"
"Sam Hargrave","1"
"Clementine Malpas, Leslie Knott","1"
"Stuart Orme","1"
"Mark A.Z. Dippé, Kyung Ho Lee","1"
"Charles A. Nichols, Iwao Takamoto","1"
"Tharun Bhascker","1"
"Saul Dibb","1"
"Jennifer M. Kroot","1"
"Robert Schwentke","1"
"Dan Kwan, Daniel Scheinert","1"
"Fluvio Iannuci, Roly Santos","1"
"Liu Jiang","1"
"Raj Nidimoru, Krishna D.K.","1"
"Zsolt Pálfi","1"
"Stuart Baird","1"
"John Milius","1"
"Lilibet Foster","1"
"Philip Yung","1"
"Oliver Blackburn","1"
"Randal Kleiser","1"
"Patrik Syversen","1"
"David Mrnka","1"
"Jeff Deverett","1"
"Brian Helgeland","1"
"Paresh Mokashi","1"
"Antonio Morabito","1"
"Christopher Ray","1"
"Vincenzo Natali","1"
"Tom McCarthy","1"
"Janet Tobias, Claus Wehlisch","1"
"Chris Nahon","1"
"Raj Kanwar","1"
"Andrew Jenks","1"
"Frederick Cipoletti","1"
"Nicanor Loreti","1"
"Nick Cassavetes","1"
"Allan Ungar","1"
"Andrew Fleming","1"
"John Hughes","1"
"Todd Standing","1"
"Blayne Weaver","1"
"Richard Michaels","1"
"Pepe Mora","1"
"Néstor Sánchez Sotelo","1"
"Johnny Martin","1"
"Julius Avery","1"
"Jon Schnitzer","1"
"Kelly Fremon Craig","1"
"Mangesh Kanthale","1"
"Miguel Cohan, Miguel Cohan","1"
"Gabriela Tagliavini","1"
"Damani Baker","1"
"David Chuang, Chen Kuan-chung","1"
"Paul Schrader","1"
"Luke Snellin","1"
"Michał Tylka","1"
"Olivier Jean-Marie","1"
"Andreas Prochaska","1"
"Lesli Linka Glatter","1"
"Jon Spira","1"
"Raj B. Shetty","1"
"J.F. Musial, Josh Vietze","1"
"Wyatt Cenac","1"
"Zoe Lister-Jones","1"
"James Tovell","1"
"Nattawut Poonpiriya","1"
"Zeek Earl, Christopher Caldwell","1"
"Kazuya Murata","1"
"Joe Boyd","1"
"Aamir Bashir","1"
"Burhan Qurbani","1"
"John Stewart Muller","1"
"Rana Ranbir","1"
"Clay Staub","1"
"Ben Young","1"
"Farishad I. Latjuba","1"
"Hayato Date","1"
"Robert Markowitz","1"
"Philipp Eichholtz","1"
"Rodolphe Guenoden","1"
"Matt Tyrnauer","1"
"Lee Seung-won","1"
"Gurvinder Singh","1"
"Terri Randall","1"
"Bert Marcus","1"
"Naresh Saigal","1"
"Amit Rai","1"
"Saji Surendran","1"
"Andreas Johnsen","1"
"Rayka Zehtabchi","1"
"Franck Nataf","1"
"Sharan Sharma","1"
"Tamta Gabrichidze","1"
"Marc Vigil","1"
"Max Joseph","1"
"Alejandro Ruax, Ramiro Martínez","1"
"Ajay Bhuyan, Kunal Kohli","1"
"Marcelo González","1"
"Ash Brannon, Chris Buck","1"
"Nikhil Nagesh Bhat","1"
"Craig Freimond","1"
"Christopher S. Rech, Brandon Kimber","1"
"Alex Israel","1"
"José Miguel Contreras","1"
"Rajan Madhav","1"
"Heidi Brandenburg, Mathew Orzel","1"
"Domenico de Feudis","1"
"Peter Farrelly, Will Graham, Steve Carr, Griffin Dunne, Steve Brill, James Duffy, Jonathan van Tulleken, Elizabeth Banks, Patrik Forsberg, Brett Ratner, Rusty Cundieff, James Gunn","1"
"Susan Walter","1"
"Brian M. Conley, Nathan Ives","1"
"Alik Sakharov","1"
"Greg Kohs","1"
"Jan Suter","1"
"Charlie Haskell, Koichi Sakamoto","1"
"Evgeny Afineevsky","1"
"Michael Gallagher","1"
"Kevin Booth, David Johndrow","1"
"Jeffrey C. Bell","1"
"Raj Khosla","1"
"Navdeep Singh","1"
"Phil Joanou","1"
"Steven Fine","1"
"Amir Mohiuddin","1"
"James Hawes","1"
"Balu Mahendra","1"
"Kevin Reynolds","1"
"Richie Smyth","1"
"Michelle Esrick","1"
"Ali Kalthami, Meshal Aljaser, Faris Godus, Mohamed al Salman, Faisal al Amer","1"
"Kevan Peterson","1"
"Nicholaus Goossen","1"
"Will Lockhart, Cole D. Pruitt","1"
"Iñaki Dorronsoro","1"
"Jarrad Paul, Andrew Mogel","1"
"Wally Pfister","1"
"Chris Miller","1"
"Peter Middleton, James Spinney","1"
"Jennifer Beamish, Toby Trackman","1"
"Shanker Raman","1"
"Sibusiso Khuzwayo","1"
"Hideaki Anno, Kazuya Tsurumaki","1"
"Matthew Ross","1"
"Karim Amer, Jehane Noujaim","1"
"Ryan Koo","1"
"Kelly Reichardt","1"
"Corey Yuen","1"
"Shweta Basu Prasad","1"
"Steve Race","1"
"Fritz Böhm","1"
"Steve Ball, Andrew Duncan","1"
"Marcos Bucay","1"
"Emanuel Hoss-Desmarais","1"
"White Trash Tyler","1"
"Charlie Siskel","1"
"Tom Fassaert","1"
"Raj Kaushal","1"
"Ira Sachs","1"
"Saw Teong Hin, Nik Amir Mustapha, M.S. Prem Nath","1"
"C. Fitz","1"
"Ana Quiroga","1"
"B. Unnikrishnan","1"
"Akashdeep","1"
"Marita Grabiak","1"
"Benjamin Ree","1"
"Marco Dutra","1"
"Riccardo Pilizzeri","1"
"Kim Dong-kyu","1"
"Gerry Hoban","1"
"Manuel Martín Cuenca","1"
"Alexandre Aja","1"
"Hassan Hegazy, Shady Ali","1"
"Bryce Wagoner","1"
"Barbara Białowąs, Tomasz Mandes","1"
"Hitoshi Namba","1"
"Charlie Kaufman","1"
"Mel Smith","1"
"Uwe Boll","1"
"R. Balki","1"
"Beyoncé Knowles-Carter","1"
"Dharmendra Suresh Desai","1"
"J. Davis","1"
"Nicolas Brossette","1"
"Ivona Juka","1"
"Suparn Verma","1"
"Ralph Macchio","1"
"Paul Solet, Rick Benattar","1"
"Brian A. Miller","1"
"John Lee","1"
"Roger Gual","1"
"Maïwenn","1"
"Salmeen AlMurry Amer","1"
"Michael M. Scott","1"
"Sabal Singh Shekawat","1"
"Daniel Wilner","1"
"Pailin Wedel","1"
"Gilbert Chan","1"
"Ibai Abad","1"
"Martin Hodara","1"
"Jeannie Gaffigan","1"
"Eric Bross","1"
"Pavel Kostomarov","1"
"Faris Godus","1"
"Jani Lachauer, Jakob Schuh","1"
"Daniel Noah","1"
"Daniel Raim","1"
"Eric Stoltz","1"
"Kasper Barfoed","1"
"Bernard Rose","1"
"Huang Jianming","1"
"Anthony Chan","1"
"Yanyong Kuruaungkoul","1"
"Brent Bonacorso","1"
"Agasyah Karim, Khalid Kashogi","1"
"Kim Joo-hyung","1"
"Susanne Bier","1"
"Brett Whitcomb","1"
"Stacy Title","1"
"Rob LaDuca, Robert C. Ramirez","1"
"Stuart Rosenberg","1"
"Susan Glatzer","1"
"Andrea Molaioli","1"
"Joseph Ruben","1"
"Emma Hatherley","1"
"Rich Ragsdale","1"
"Abhijeet Deshpande","1"
"Heidi Saman","1"
"Michael Barrett","1"
"Nick Moore","1"
"Amara Cash","1"
"Juan Antin","1"
"Neil Rawles","1"
"Glenn Miller","1"
"Kunal Kohli","1"
"Mark Lewis","1"
"Chris Jenkins","1"
"Deepti Naval","1"
"Sidheswar Shukla, Asit Mohapatra","1"
"Harjit Singh","1"
"Juan Antonio de la Riva","1"
"Timothy Reckart","1"
"Nisheeta Keni","1"
"Deniz Gamze Ergüven","1"
"Nora Twomey","1"
"Jason Cohen","1"
"Charlotte Zwerin","1"
"Cate Shortland","1"
"Jason Spingarn-Koff","1"
"Bette Gordon","1"
"Marwan Hamed","1"
"Kaila York","1"
"Steve Sacks","1"
"Amit Saxena","1"
"Christian Gudegast","1"
"Haruka Fujita","1"
"Craig Moss","1"
"William Wyler","1"
"Wendy Jo Carlton","1"
"Bobby Roth","1"
"Gangadhar Salimath","1"
"Bert Marcus, Cyrus Saidi","1"
"Banjong Pisanthanakun, Paween Purikitpanya, Songyos Sugmakanan, Parkpoom Wongpoom, Visute Poolvoralaks","1"
"Aatmaram Dharne","1"
"John Papola","1"
"Sudesh Manjrekar","1"
"Kevin Derek","1"
"Gillian Armstrong","1"
"Guntur Soeharjanto","1"
"Jeeva","1"
"Jung-woo Park","1"
"Bartosz M. Kowalski","1"
"Ui-seok Jo","1"
"Philippa Lowthorpe","1"
"Edward Zwick","1"
"Michael Carney","1"
"Daniel Burman","1"
"Joseph Cross","1"
"Bryn Evans","1"
"Peter DeLuise","1"
"Griffin Dunne","1"
"Aaron Burns","1"
"Abby Epstein","1"
"Stefan Aust, Dirk Laabs","1"
"Roberta Grossman, Sophie Sartain","1"
"Fabio Grassadonia, Antonio Piazza","1"
"Stuart Sender","1"
"Gafoor Y. Elliyaas","1"
"K. Subhash","1"
"Nicolas Winding Refn","1"
"Ludovico Di Martino","1"
"Sohail Khan","1"
"David Silberg","1"
"Garry Marshall","1"
"Robbie Grewal","1"
"Anita Udeep","1"
"Juliet May","1"
"Gary Stretch","1"
"David Benioff, D.B. Weiss","1"
"Reem Kherici","1"
"Evan Spiridellis, Jeff Gill","1"
"Thomas Sorriaux","1"
"Felix Starck","1"
"Stefano Sollima","1"
"Gautier & Leduc","1"
"Kevin Peeples","1"
"Çagan Irmak","1"
"Sam Upton","1"
"Jordana Spiro","1"
"Denis Hennelly, Casey Suchan","1"
"Oriol Paulo","1"
"Hubert Woroniecki","1"
"Antonio Díaz","1"
"Sinan Akkuş","1"
"Eric Drath","1"
"Francis Lee","1"
"Nora Fingscheidt","1"
"Scott Marshall Smith","1"
"Anthony Russo, Joe Russo","1"
"Mohamed Diab","1"
"Emil Ben-Shimon","1"
"Reiner Holzemer","1"
"John Maclean","1"
"Kasra Farahani","1"
"Lucas Santa Ana","1"
"Ashim Ahluwalia","1"
"Almunsif Alsuwaisi","1"
"Jill Bauer, Ronna Gradus","1"
"Matthew Hope","1"
"Soham Shah","1"
"Prime Cruz","1"
"John Whitesell","1"
"André Odendaal, Johan Vorster","1"
"Sean Anders","1"
"Colin Minihan","1"
"Pamela Romanowsky","1"
"Natasha Lyonne","1"
"Joe Murray, Cosmo Segurson","1"
"Gary Andrews","1"
"Van M. Pham","1"
"Tim Neeves","1"
"Shamzu Zayba","1"
"Mark Dennis, Ben Foster","1"
"Max Martini","1"
"Toby Haynes","1"
"Partho Sen-Gupta","1"
"Danny Leiner","1"
"Ildiko Enyedi","1"
"Antoni Krauze","1"
"Irek Dobrowolski","1"
"Betty Thomas","1"
"Maya Gallus","1"
"Coodie, Chike","1"
"Brian Henson","1"
"David Gelb","1"
"Joe Lynch","1"
"Steve Boettcher","1"
"Adam Wood","1"
"Will Lovelace, Dylan Southern","1"
"Juan Camilo Pinzon","1"
"Halitha Shameem","1"
"Sedat Kirtan, Kubilay Sarikaya","1"
"Louise Wardle","1"
"Benny Fredman","1"
"Kees Van Oostrum","1"
"Elliot Silverstein","1"
"Amarjit Virdi","1"
"Jonathan Hensleigh","1"
"Jorge M. Fontana","1"
"Brett Ratner","1"
"Benjamin Turner, Gabe Turner","1"
"Kris Pearn","1"
"Danish Aslam","1"
"Ticoy Rodriguez","1"
"Suseenthiran","1"
"Chris Eigeman","1"
"Mike Binder","1"
"Jesse Warn","1"
"J.M. Berrios","1"
"Alexandra Dean","1"
"Andrucha Waddington, Pedro Waddington","1"
"Faraday Okoro","1"
"Rob McKittrick","1"
"Otilia Portillo Padua","1"
"Maz Jobrani","1"
"Maria Burton","1"
"Alex Smith, Andrew J. Smith","1"
"Cavi Borges, Luciano Vidigal","1"
"Marc Fouchard","1"
"Gil Kenan","1"
"Tanveer Khan","1"
"Woo Min-ho","1"
"Tomer Heymann","1"
"Vijay Maurya","1"
"Cal Saville","1"
"Onur Bilgetay","1"
"Jean-Bernard Marlin","1"
"Ayman Makram","1"
"Andres Clariond","1"
"Andy Serkis","1"
"Dylan C. Brown","1"
"Vikramaditya Motwane, Anurag Kashyap","1"
"Leo Riley, Eric Radomski","1"
"Ofir Raul Graizer","1"
"Katherine Dieckmann","1"
"James Marsh","1"
"Emilio Martínez Lázaro","1"
"Eric Khoo","1"
"Nathan Morlando","1"
"Roger Allers, Gaëtan Brizzi, Paul Brizzi, Joan C. Gratz, Mohammed Saeed Harib, Tomm Moore, Nina Paley, Bill Plympton, Joann Sfar, Michael Socha","1"
"Cody Cameron, Kris Pearn","1"
"David Grossman","1"
"Sherif Mandour","1"
"Benjamin Weill","1"
"Selvamani Selvaraj","1"
"Prasobh Vijayan","1"
"Barbara Kopple","1"
"Kyoko Miyake","1"
"Ziggy Hofmeyr","1"
"Frank Ariza","1"
"Neil LaBute","1"
"Dan Forgione, Pete Jacobs, Matt Whitlock","1"
"Ken Burns, Artemis Joukowsky","1"
"Dava Whisenant","1"
"Johanna Demetrakas","1"
"Jeff Stilson","1"
"Chris Baugh","1"
"Raymond McGrath","1"
"Aniedi Anwah","1"
"Dustin McKenzie","1"
"Akin Omotoso","1"
"Mario Cambi","1"
"Drew Casson","1"
"You-Jeong Chang","1"
"Sukum Maetawanitch","1"
"Sam Irvin","1"
"Mark A.Z. Dippé, Eondeok Han","1"
"Amar Kaushik","1"
"Adrien Lagier, Ousmane Ly","1"
"Page Hurwitz","1"
"Ben Ryder","1"
"Scott Mosier, Yarrow Cheney","1"
"Roy Allen Smith","1"
"Jon Manning","1"
"Manop Janjarasskul","1"
"Jon Watts","1"
"Don Omope","1"
"Greg Whiteley","1"
"Judah Friedlander","1"
"Roy Burdine, Johnny Castuciano","1"
"Samar Khan","1"
"Uttung Shelar","1"
"Yayo Herrero","1"
"John L. Spencer","1"
"Alfonso Arau","1"
"Andrew Lau Wai-Keung, Andrew Loo","1"
"Carlos Vermut","1"
"Jean-François Richet","1"
"Vincent Perez","1"
"Nam Ron","1"
"Otoja Abit","1"
"Christopher Nolan","1"
"Anjum Shahzad","1"
"Tanawat Aiemjinda","1"
"Rhiannon Bannenberg","1"
"Sanjay Patel","1"
"Dustin McKenzie, Steve Sacks","1"
"Rashida Jones, Alan Hicks","1"
"Craig Gillespie","1"
"Stephanie Zwane","1"
"Kirati Nakintanon","1"
"Richard Attenborough","1"
"Sameer Patil","1"
"Theodore Witcher","1"
"Francisco Macri","1"
"Tolu Awobiyi","1"
"Frank Simon","1"
"Pramod Pawar","1"
"Arun Vaidyanathan","1"
"Destin Daniel Cretton","1"
"N.D. Wilson","1"
"Muh Chen","1"
"Heitor Dhalia","1"
"Michael Doneger","1"
"Natalia Garagiola","1"
"Kelly Duane de la Vega","1"
"Roger Allers, Jill Culton","1"
"Oliver Frampton","1"
"Benoît Jacquot","1"
"William Kaufman","1"
"Agnidev Chatterjee","1"
"TJ Sullivan, Greg Rankin","1"
"Jerry Rothwell","1"
"Ludovic Bernard","1"
"Mark Ritchie","1"
"Oscar Micheaux, Spencer Williams, Richard E. Norman, Richard Maurice","1"
"Toyin Abraham","1"
"Mark Waters","1"
"Hong Won-ki","1"
"Everardo Gout","1"
"Fred M. Wilcox","1"
"Jennifer Westcott","1"
"Patricia Ferreira","1"
"Simon Frederick","1"
"Anurag Singh","1"
"Eugenio Derbez","1"
"John Carchietta","1"
"Phillip Youmans","1"
"Alex Gibney","1"
"Gil Baroni","1"
"Michael G. Kehoe","1"
"Abhay Chopra","1"
"Lilly Wachowski, Lana Wachowski, Tom Tykwer","1"
"Douglas McGrath","1"
"Aitor Arregi, Jon Garaño","1"
"Ringo Lam","1"
"Steve Barron","1"
"Lyric R. Cabral, David Felix Sutcliffe","1"
"Floyd Russ","1"
"Tony Elliott","1"
"Eric Darnell, Simon J. Smith","1"
"Lance Daly","1"
"Jesús Torres Torres","1"
"John Curran","1"
"Bunmi Ajakaiye","1"
"Rohena Gera","1"
"David Fairhead","1"
"Ísold Uggadóttir","1"
"Matt Kay","1"
"Daniel Mann, Joseph Sargent","1"
"John Edginton","1"
"Ola Flyum, David Hebditch","1"
"Stephanie Laing","1"
"Rowan Athale","1"
"Jehane Noujaim","1"
"Kief Davidson","1"
"Damien Leone","1"
"Brendan Toller","1"
"Sue Ding","1"
"Dhilip Kumar","1"
"Robert Cannan, Ross Adam","1"
"Sudesh Manjrekar, Atul Kale","1"
"Byun Hyuk","1"
"Peter McDonnell","1"
"Wong Kar Wai","1"
"Devika Bhagat","1"
"A. Salaam","1"
"Hatem Khraiche","1"
"Ulrike Kofler","1"
"Anand Tucker","1"
"Todor Chapkanov","1"
"Atsajun Sattakovit","1"
"Rik Reinholdtsen","1"
"Randa Chahal Sabbag","1"
"Gaurav Narayanan","1"
"Amit Barot","1"
"David Sampliner","1"
"Marta Jaenes, Rosa Márquez","1"
"Joey Kern","1"
"Chayanop Boonprakob","1"
"Pablo Stoll, Juan Pablo Rebella","1"
"Andrew Bergman","1"
"Kirby Dick","1"
"Kevin Bray","1"
"Saurabh Kabra","1"
"Alex Timbers","1"
"Daniel J. Clark","1"
"Elsa Flores Almaraz, Richard J Montoya","1"
"Peter Chelsom","1"
"Michael Samuels","1"
"Tim Johnson","1"
"K. Ramanlal","1"
"Cho Il","1"
"Sean Menard","1"
"Robert Eagar","1"
"David France","1"
"Benson Lee","1"
"Mat King","1"
"Juan Zapata","1"
"John R. Leonetti","1"
"Richard LaGravenese","1"
"Marja Lewis Ryan","1"
"Filip Renc","1"
"Kevin Hooks","1"
"Walter Taylaur","1"
"Johannes Roberts","1"
"Buddhadev Dasgupta","1"
"Franck Ribière","1"
"Gagan Puri","1"
"Stephen Cone","1"
"Atlee Kumar","1"
"Christian De Vita","1"
"Laura Brownson","1"
"Piti Jaturaphat","1"
"Pat Healy","1"
"Gurinder Chadha","1"
"Julien Christian Lutz","1"
"Frank Capra","1"
"Jordan Ross","1"
"Seth Henrikson","1"
"Brandon Dickerson","1"
"Ossama Abu El Atta, Tarek Al Eryan","1"
"Erik White","1"
"Luc Besson","1"
"Alex Timbers, Sam Wrench","1"
"Robyn Butler","1"
"Rod Blackhurst, Brian McGinn","1"
"Hark Tsui","1"
"Nicholas Ray","1"
"Lana Wilson","1"
"Paul Krüger, Anél Stolp","1"
"Will McCormack, Michael Govier","1"
"Amy Segal","1"
"Gail Willumsen","1"
"Ramsey Nouah","1"
"Chatchai Katenut, Manussa Vorasingha, Tanwarin Sukkhapisit, Poj Arnon","1"
"Joe Piscatella","1"
"Michael Mazzola","1"
"Mark Helenowski, Kevin Pang","1"
"Atharv Baluja","1"
"Lonny Price","1"
"Oliver Schmitz","1"
"Mark Landre Gould","1"
"Ben A. Williams","1"
"Chris Nelson","1"
"Roy Poortmans","1"
"Gary Cohen, Ross Hockrow","1"
"Harvey Glazer, Stuart Stone","1"
"Shannon Hartman, Michelle Caputo","1"
"Pradeep Verma","1"
"Phil Sgriccia","1"
"Curro Velázquez","1"
"Sam Rega","1"
"Chanon Yingyong, Phuwanit Pholdee","1"
"Clay Porter","1"
"John Wells","1"
"Robert Berlinger","1"
"Richard Brooks","1"
"Joachim Rønning, Espen Sandberg","1"
"Raam Reddy","1"
"Vipin Parashar","1"
"Ellen Page, Ian Daniel","1"
"Ahmed El Gendy","1"
"Awi Suryadi","1"
"April Mullen","1"
"Vikram Pradhan","1"
"Ali Samadi Ahadi","1"
"Han Han","1"
"Mrighdeep Singh Lamba","1"
"Takashi Yamazaki, Ryuichi Yagi, Makoto Hanafusa","1"
"Michael Roberts","1"
"Kwabena Gyansah","1"
"David Marmor","1"
"Paul Feig","1"
"Tugçe Soysop","1"
"Hao Wu","1"
"Swapnaneel Jayakar","1"
"Benny Fine","1"
"Benjamin Dickinson","1"
"Elle-Máijá Tailfeathers, Kathleen Hepburn","1"
"Kenneth Gyang","1"
"Jenée LaMarque","1"
"Saheed Arafath","1"
"Victoria Bromley","1"
"Jake Szymanski","1"
"Mario Rouleau","1"
"Stefano Lodovichi","1"
"Nopparoj Chotmunkongsit","1"
"Adam Collins, Luke Radford","1"
"Federico D'Alessandro","1"
"Tamer Bassiouni","1"
"Alexandre Espigares","1"
"Ah Loong","1"
"John H. Lee","1"
"David Lam","1"
"Jon Turteltaub","1"
"Carlo Padial","1"
"Jay Karas, Demetri Martin","1"
"Hanung Bramantyo, Meisa Felaroze","1"
"B.N. Shajeer Sha","1"
"Peter Farrelly, Bobby Farrelly","1"
"Saket Behl","1"
"Sammaria Sari Simanjuntak","1"
"Roger Donaldson","1"
"Travis Zariwny","1"
"Ian Barber","1"
"Derek Peck","1"
"S.A. Zaidi","1"
"Aziz Ansari","1"
"Daniel Joseph","1"
"David Lean","1"
"Chiwetel Ejiofor","1"
"Radhu Karmakar","1"
"Richard Gabai","1"
"Joseduardo Giordano, Sergio Goyri Jr.","1"
"Benjamin Turner","1"
"Richard Donner","1"
"Karl Mueller","1"
"Gerard Barrett","1"
"Dean Wright","1"
"Ben Kasulke","1"
"John Ridley","1"
"Nikkhil Advani","1"
"Maria Sadowska","1"
"Sergio Barrejón","1"
"Luis Alberto Restrepo, Andrés Beltrán, Jaime Rayo","1"
"Amanda Raymond","1"
"Steven R. Monroe","1"
"Chi Keung Fung","1"
"James Mangold","1"
"Christopher Chambers","1"
"Sam Dunn, Scot McFadyen","1"
"Devin Chanda","1"
"Daniel Goldhaber","1"
"Jennifer Siebel Newsom","1"
"Grant Korgan, Brian Niles","1"
"Dani Levy","1"
"Jennie Livingston","1"
"Kirsten Johnson","1"
"Martin Wood","1"
"Fredric Lean","1"
"LP","1"
"John Suits","1"
"Shaun Mir","1"
"Jay Surridge","1"
"Icíar Bollaín","1"
"Alex Ranarivelo","1"
"Laura Mañá","1"
"Abhishek Saxena","1"
"Andreas Pichler","1"
"Jim Strouse","1"
"Walerian Borowczyk","1"
"Tom Edmunds","1"
"Ester Gould, Reijer Zwaan","1"
"Fellipe Barbosa","1"
"Oren Peli","1"
"Johnny Breedt","1"
"Ziga Virc","1"
"Peter Webber","1"
"Jorge Michel Grau","1"
"Angshuman Ghosh","1"
"Chandra Prakash Dwivedi","1"
"Jason Moore","1"
"Biodun Stephen","1"
"Seth Gordon","1"
"Hidetaka Inazuka","1"
"Kyle Rankin","1"
"Umer Adil","1"
"Anna Stone","1"
"Guy Vasilovich","1"
"Robbie Countryman","1"
"Olaf de Fleur","1"
"James Ivory","1"
"Albert Sharpe","1"
"Levan Gabriadze","1"
"Raaghav Dar","1"
"Kader Aoun","1"
"Riki Lindhome, Jeremy Konner","1"
"Todd Haynes","1"
"Sachin Kundalkar","1"
"Alex Díaz","1"
"Jorge Granier","1"
"Fuwad Khan","1"
"Hussein El Ansary","1"
"Alina Teodorescu","1"
"Josh Webber","1"
"Chi Fat Chan","1"
"Dash Shaw","1"
"Gregg Bishop","1"
"Rudradeep Bhattacharjee","1"
"Tanuj Chopra","1"
"Jennifer Baichwal, Nicholas de Pencier","1"
"Richard Laxton","1"
"Ry Russo-Young","1"
"Jill Bauer, Ronna Gradus, Rashida Jones","1"
"Avgousta Zourelidi","1"
"James Bamford","1"
"David Pablos","1"
"Leslye Davis, Catrin Einhorn","1"
"Gastón Duprat","1"
"Maciej Dejczer","1"
"Rachel Mason","1"
"Murat Kepez","1"
"Felix Thompson","1"
"Owen Egerton","1"
"Fred Olen Ray","1"
"Michael Mayer","1"
"J.D. Dillard","1"
"Sarah Smith","1"
"Kunihiko Yuyama, Motonori Sakakibara","1"
"David Lowery","1"
"Onur Ünlü","1"
"Wagner de Assis","1"
"James D. Stern, Fernando Villena","1"
"Keith Malloy","1"
"Mercedes Cordova","1"
"Arjun Jandyala","1"
"Supavitra Babul","1"
"Li Pei-Chuan","1"
"Ekachai Uekrongtham","1"
"Mariano Baez","1"
"Kim Sung-hoon","1"
"Jennifer Lynch","1"
"Theo Love","1"
"Baz Luhrmann","1"
"Kitty Green","1"
"Lana Wachowski, Lilly Wachowski","1"
"Ken Burns, Lynn Novick","1"
"Raoul Peck","1"
"Sukhbir Singh","1"
"Wim Wenders","1"
"Tamas Yvan Topolanszky","1"
"Danny Cannon","1"
"Julius R. Nasso","1"
"Alejandro Doria","1"
"Jang Jae-hyun","1"
"Ahmed Yousry, Hazem Fouda","1"
"Jason Lai","1"
"Zack Snyder","1"
"Tathagata Banerjee","1"
"Jarand Herdal","1"
"Eric Idle","1"
"Selçuk Aydemir, Birkan Pusa","1"
"Ramzy Bedia, Éric Judor","1"
"Samir Soni","1"
"Joanna Lombardi, Bruno Ascenzo","1"
"Rebecca Johnson","1"
"Fritz Ofner","1"
"Mina Shum","1"
"Liv Ullmann","1"
"Don Bluth, Gary Goldman, Dan Kuenster","1"
"Jaivi Dhanda","1"
"Roger Young","1"
"Krishna Vamshi","1"
"Dileep Narayanan","1"
"Avinash Walzade","1"
"Michael Larnell","1"
"Kenny Ortega","1"
"Jay Lyons","1"
"Ken Hughes","1"
"Natalia Valdebenito","1"
"John Bridcut","1"
"Hallvard Bræin","1"
"Tommy Wirkola","1"
"Jesse V. Johnson, Jesse Johnson","1"
"David Chirchirillo","1"
"Jon J. Whelan","1"
"Logan Kibens","1"
"Peter Ramsey, Rodney Rothman, Bob Persichetti","1"
"Vishnu Govindhan","1"
"Marty Stalker","1"
"Jasbir Bijendra Bhati","1"
"Kasper Collin","1"
"Yoo Byung-jae","1"
"Lygia Barbosa da Silva, Eliane Brum","1"
"Paritosh Painter","1"
"Mark Thornton, Todd Kauffman","1"
"Darragh O'Connell","1"
"Nick Gomez","1"
"Brendan Byrne","1"
"Mitch Dickman","1"
"Carla Barros","1"
"Alessandro Pepe","1"
"M.J. Bassett","1"
"Ali Bin Matar, Ibrahim Bin Mohamed","1"
"Marcos Carnevale","1"
"Eduardo Pinto","1"
"Manav Shah","1"
"Debamitra Biswal","1"
"Pawan Kripalani","1"
"Chandran Narikode","1"
"Phil Burgers","1"
"Zatella Beatty","1"
"Rob W. King","1"
"Pali Yahya","1"
"Jennifer Kaytin Robinson","1"
"José Larraza, Marc Pons","1"
"John Upchurch","1"
"Kitaro Kosaka","1"
"Aamir Khan","1"
"Waymon Boone","1"
"Roger Graef, James Rogan","1"
"Adam Dubin","1"
"Trudie Styler","1"
"Steve Bencich","1"
"Adele K. Thomas, Richard Bailey","1"
"Maya Zinshtein","1"
"Josh Greenbaum","1"
"Krish","1"
"Kyle Newman","1"
"Wolfgang Petersen","1"
"Jaki Bradley","1"
"Melinda Janko","1"
"Cyrus Nowrasteh","1"
"Victor Dal Chele, Alfred Gimeno","1"
"Anand Ravichandran","1"
"Terry Hughes, Ian MacNaughton","1"
"Choi Jin-seong","1"
"Lars Büchel","1"
"Zack Whedon","1"
"Sam Wrench","1"
"Matthew Salleh","1"
"Robert Clouse","1"
"Pedro Flores Maldonado","1"
"Jim Hosking","1"
"Rebecca Harrison","1"
"Hiromasa Yonebayashi","1"
"Vijay Kumar Arora","1"
"Michelle Johnston","1"
"Henry Sarwer-Foner","1"
"Daniel Effiong","1"
"Ravi Babu","1"
"Mark A.Z. Dippé","1"
"Grand Corps Malade, Mehdi Idir","1"
"Hari Nath","1"
"Na Hyeon","1"
"Burr Steers","1"
"Stephen Hopkins","1"
"Sanjay Soorkar","1"
"Akram Farouk","1"
"Christopher Louie","1"
"Zakariya","1"
"Christopher Cain","1"
"Perci Intalan","1"
"Prakash Balwant Saini","1"
"Takuya Igarashi","1"
"Deane Taylor","1"
"Tim Hill","1"
"Sabir Khan","1"
"Bryan Bertino","1"
"Steve Rash","1"
"Chairun Nissa","1"
"Xiaoxing Yi, Yoshitaka Takeuchi, Haoling Li","1"
"Andrew Douglas","1"
"Vir Das, Ajay Bhuyan","1"
"Mark Neveldine","1"
"Laura Alvea, José Ortuño","1"
"John Patrick Shanley","1"
"Eric Aghimien","1"
"Richard Miron","1"
"Adam Alleca","1"
"Dylan Howitt","1"
"Dennis Bartok","1"
"Shammi Kapoor","1"
"Karey Kirkpatrick","1"
"Michael Paul Stephenson","1"
"Will Forbes","1"
"Anggy Umbara","1"
"Reinhard Klooss","1"
"David LaChapelle","1"
"Myles Kane, Josh Koury","1"
"Fred Durst","1"
"Julio Fernández Talamantes","1"
"Marie Madinier","1"
"Wilson Coneybeare","1"
"Gonzalo Bendala","1"
"Lynn Novick","1"
"Dennis Rovira van Boekholt","1"
"Brendon Marotta","1"
"Vincent Kok","1"
"Dana Doron, Uriel Sinai","1"
"Olivier Afonso","1"
"Anant Balani","1"
"Kyle Patrick Alvarez","1"
"David L. Cunningham","1"
"Jeff Wadlow","1"
"Hani Al-Shaibani","1"
"Mark O'Connor","1"
"Josiah Ng","1"
"Moto Sakakibara","1"
"Ana Lily Amirpour","1"
"Ed Perkins","1"
"David Soren","1"
"Sam Voutas","1"
"Magdy Al-Hawwary","1"
"John Lyde","1"
"Pascale Lamche","1"
"Yasir Nawaz","1"
"Raj Amit Kumar","1"
"Neslihan Yesilyurt","1"
"Milind Dhaimade","1"
"Shoojit Sircar","1"
"Müfit Can Saçıntı","1"
"Neville Shah","1"
"Bryan Singer","1"
"Adam Marino","1"
"Frank E. Abney III","1"
"Luis Javier M. Henaine","1"
"Pablo Aulita","1"
"Guillermo Garcia, David Cantolla","1"
"Yee Tung-Shing","1"
"Dito Montiel","1"
"David 'Tosh' Gitonga, Michael Jones","1"
"A. Raajdheep","1"
"Kunihiko Yuyama","1"
"Philip G. Atwell","1"
"Michel Hazanavicius","1"
"Tanuj Bhramar","1"
"Sujeeth","1"
"Alejandro G. Iñárritu","1"
"Alison E. Rose","1"
"Samuel Jouy","1"
"Anik Datta","1"
"David Palmer, Dax Shepard","1"
"Faozan Rizal","1"
"Paul Reubens, Wayne Orr","1"
"Francesco Carrozzini","1"
"B. Subhash","1"
"John Trengove","1"
"James L. Brooks","1"
"Guillermo de Oliveira","1"
"Shikha Makan","1"
"Mike Fetterly, Steve Sacks","1"
"Rikhil Bahadur","1"
"Johnson Esthappan","1"
"Arnab Chaudhuri","1"
"Michael Buster","1"
"Sridhar Jetty","1"
"Mozez Singh","1"
"Lev L. Spiro","1"
"Víctor García","1"
"John Mikulak, Joshua Brown","1"
"Renata Terra","1"
"Kanika Batra","1"
"Robert Tate","1"
"Su I-Hsuan, Chuang Shiang-an, Liu Yi","1"
"Sandeep Chatterjee","1"
"Ajay Phansekar","1"
"Ignacio López Escrivá","1"
"Oskar Santos","1"
"Gavin O'Connor","1"
"Diego Kaplan","1"
"Andy Delaney, Monty Whitebloom","1"
"Hua Shan","1"
"Kittiphak Thonguam","1"
"Adam Randall","1"
"Peter Lord, Jeff Newitt","1"
"Dhanush","1"
"Brett Harvey","1"
"Billy Lyons","1"
"Sudip Bandyopadhyay","1"
"Orson Welles","1"
"Ayumu Watanabe","1"
"Vijay Lalwani","1"
"Vishal Mahadkar","1"
"Khaled Youssef","1"
"Sopon Sukdapisit","1"
"Attila Till","1"
"Alma Har'el","1"
"Jérémy Clapin","1"
"Gabriela García Rivas","1"
"Kavi Raz","1"
"Aaron Lieber","1"
"Giulia Clark","1"
"Mohamed Khan","1"
"Sam Macaroni","1"
"Simon Napier-Bell","1"
"Miriam Chandy Menacherry","1"
"Ian Samuels","1"
"Adam B. Stein, Zach Lipovsky","1"
"Victor Zarcoff","1"
"Lee Jeong-beom","1"
"Greg Coolidge","1"
"Louis J. Horvitz","1"
"Kanwal Sethi","1"
"Jean-Pierre Dardenne, Luc Dardenne","1"
"Emcy Joseph","1"
"Mandla Dube","1"
"Coerte Voorhees, John Voorhees","1"
"Zach Clark","1"
"Mel Stuart","1"
"Adarsh Eshwarappa","1"
"Michael Blieden","1"
"Yuen Wo-Ping","1"
"Svati Chakravarty Bhatkal","1"
"Laura Terruso","1"
"Park Joon-hwa","1"
"Tetsuo Yajima","1"
"Robert Eggers","1"
"Hari Viswanath","1"
"Rod Lurie","1"
"Joe Berlinger, Bruce Sinofsky","1"
"Bernardo Arellano","1"
"Cheang Pou Soi","1"
"Manu Ashokan","1"
"Santiago Diaz, Pablo Martin Farina","1"
"Brian Smith","1"
"Vineeth Anil","1"
"Mathieu Auvray","1"
"Pooja Bhatt","1"
"Gayane Petrosyan","1"
"Mark Raso","1"
"Younuts!","1"
"Cosmo Feilding-Mellen","1"
"Lisa Cortés, Farah X","1"
"David Lynch","1"
"Jennifer Peedom","1"
"Kenny Leon","1"
"Zoya Akhtar, Karan Johar, Anurag Kashyap, Dibakar Banerjee","1"
"Jonathan Taylor","1"
"Måns Mårlind, Björn Stein","1"
"Takuya Inaba","1"
"Mario Van Peebles","1"
"Partho Mitra","1"
"Rupert Jones","1"
"Matt Reeves","1"
"Anita Barbosa","1"
"Seiji Mizushima","1"
"Greg McLean","1"
"Bilal Lashari","1"
"Elizabeth Chai Vasarhelyi","1"
"Pierfrancesco Diliberto","1"
"Pippa Ehrlich, James Reed","1"
"Shinji Aramaki, Mamoru Oshii, Hideki Futamura, Toshiyuki Kanno, Tomoki Kyoda, Koichi Mashimo, Yasushi Muraki, Daisuke Nishio, Frank O'Connor, Koji Sawai, Joseph Chou, Hiroshi Yamazaki","1"
"Xavier Durringer","1"
"Peter Billingsley","1"
"Datta Mohan Bhandare","1"
"Lee Chung-hyun","1"
"Shashilal K. Nair","1"
"Sudhanshu Saria","1"
"Evan Katz","1"
"Trisha Ziff","1"
"Richard Correll","1"
"Marina Willer","1"
"Tariq Khan","1"
"Lucy Cohen","1"
"Mark Helfrich","1"
"Mitzi Vanessa Arreola, Amir Galvan Cervera","1"
"Jack Zagha Kababie","1"
"Olivia Milch","1"
"Numa Perrier","1"
"Chris Columbus","1"
"Sameer Sharma","1"
"Peter Sollett","1"
"John Putch","1"
"Felix Chong","1"
"Alex Coletti","1"
"Gregory Jacobs","1"
"Krysia Plonka","1"
"Kepa Sojo","1"
"John Mitchell, Jeremy Kipp Walker","1"
"Chris Renaud","1"
"K. Rajagopal","1"
"Mike Doyle","1"
"Sam Liu, Frank Paur","1"
"Salima Koroma","1"
"Park Hoon-jung","1"
"Shashank Khaitan","1"
"Seren Yüce","1"
"Raymond Wood","1"
"Daniel Arasanz","1"
"Denis Do","1"
"Jesse Peretz","1"
"Donick Cary","1"
"Mati Diop","1"
"Vic Armstrong","1"
"David Koepp","1"
"Ian Cheney","1"
"Todd Phillips","1"
"Lukas Dhont","1"
"Avinash Das","1"
"Jeff Tomsic","1"
"Liz Plonka","1"
"Nana Ekvtimishvili, Simon Gross","1"
"Ken Marino","1"
"Scott Cooper","1"
"Kranti Redkar","1"
"Arati Kadav","1"
"Li Jun","1"
"Gene Quintano","1"
"Archie Hekagery","1"
"Rob Marshall","1"
"Ferzan Özpetek","1"
"Ang Lee","1"
"Justin Krook","1"
"Bart Freundlich","1"
"Bhushan Patel","1"
"Robert Moresco","1"
"Prasanth Varma","1"
"Tim Maltby","1"
"Laura VanZee Taylor","1"
"Ashraf Fayeq","1"
"Mahin Ibrahim, Austin Kolodney, Will Lowell, David Beier, Dave Dorsey, Xu Zhang, Alana Waksman, Jon YonKondy, Drue Metz, Brandon Somerhalder","1"
"Katy Chevigny, Ross Kauffman","1"
"Eric Bress","1"
"Jerry G. Angelo","1"
"Bryan Fogel","1"
"Shazia Ali Khan","1"
"Shreyas Talpade","1"
"Abel Ferrara","1"
"Luis Estrada","1"
"Maite Ruiz De Austri","1"
"Joey Curtis","1"
"Alejandro Lozano","1"
"Bharat Nalluri","1"
"Jos Humphrey","1"
"Rai Yuvraj Bains","1"
"Tomas Portella","1"
"Tony Datis","1"
"Paul Katis","1"
"Will Allen","1"
"Ehtesham Uddin","1"
"Tamara Jenkins","1"
"Marek Kanievska","1"
"Mathieu Kassovitz","1"
"Lone Scherfig","1"
"Miguel Conde","1"
"Alice Wu","1"
"Tomas Brickhill","1"
"Jadesola Osiberu","1"
"Lenin Bharathi","1"
"Cris D'Amato","1"
"Tom O'Brien","1"
"Alex Burunova","1"
"Dustin Hoffman","1"
"Patrick Graham","1"
"Samit Kakkad","1"
"Don Bluth","1"
"Dave Green","1"
"Adisorn Tresirikasem","1"
"Hernán Guerschuny","1"
"Sandi Tan","1"
"Sudipto Roy","1"
"Richard Bates Jr.","1"
"Valeria Golino","1"
"Doron Paz, Yoav Paz","1"
"Nacho G. Velilla","1"
"Mark Dindal","1"
"Jayan Vannery","1"
"Victor Cook","1"
"Bill Guttentag, Michael Ware","1"
"Mandie Fletcher","1"
"Park In-je","1"
"Rene Liu","1"
"Yoon Sung-hyun","1"
"Bob Rose","1"
"Grant S. Johnson, Ippsie Jones","1"
"Jason Stone","1"
"Brett Donowho","1"
"Hugo Stuven","1"
"Paul Solet","1"
"Stephen Donnelly, Olly Reid, Jun Falkenstein","1"
"Bob Odenkirk","1"
"Sam Patton","1"
"Shin-yeon Won","1"
"Chang-Min Lee","1"
"Ilya Naishuller","1"
"Adriana Trigiani","1"
"Advait Chandan","1"
"Shanjey Kumar Perumal","1"
"David L.G. Hughes","1"
"R.J. Daniel Hanna","1"
"Pan Nalin","1"
"Eddie Rosas","1"
"Umesh Ghadge","1"
"Franck Phelizon","1"
"Alo Sarkar","1"
"Karan Shivajirao Chavan, Vikram Tanajirao Patil","1"
"Raymie Muzquiz, Stu Livingston","1"
"Pablo Larraín","1"
"Mary Mazzio","1"
"Chris Renaud, Kyle Balda","1"
"Anthony Minghella","1"
"Yudai Yamaguchi","1"
"Adam Bhala Lough","1"
"J. Michael Long","1"
"Eva Orner","1"
"Malik Bendjelloul","1"
"Jeffrey Schwarz","1"
"Ian MacAllister-McDonald","1"
"Kurt Voelker","1"
"Marty Callner","1"
"Michael Feifer","1"
"Izidore K. Musallam","1"
"Jazz Boon","1"
"Deep Joshi","1"
"Victor Gatonye","1"
"Jean-François Blais","1"
"Mark Herman","1"
"Sathyan Anthikad","1"
"Ted Braun","1"
"Roman Coppola","1"
"Philip Barantini","1"
"Alejandro Hartmann","1"
"Chris Weitz, Paul Weitz","1"
"Picky Talarico","1"
"Mark Sloper","1"
"Liu Kuang-hui","1"
"Saurabh Sinha","1"
"Babak Anvari","1"
"Blake Harris, Chris Bouchard","1"
"Shrihari Sathe","1"
"Ravishankar Venkateswaran","1"
"Ricardo Maldonado","1"
"Anthony Caronna, Alexander Smith","1"
"Mike Diva, Akiva Schaffer","1"
"Isao Yukisada","1"
"Jay Bulger","1"
"Feng Xiaogang","1"
"Chapman Way, Maclain Way","1"
"Marcelo Altmark, Mariano Mucci, Luis A. Scalella","1"
"N. Chandra","1"
"Mike Rohl","1"
"Damien Piscarel, Florent Bodin","1"
"Robert Adetuyi","1"
"Phil Morrison","1"
"Mahmoud Sabbagh","1"
"Sonny Mallhi","1"
"Lee Kirk","1"
"Amitava Bhattacharya","1"
"Robert Aldrich","1"
"Raj N. Sippy","1"
"Tarek Al Eryan","1"
"Atsuko Ishizuka","1"
"Abdellatif Kechiche","1"
"Pa. Ranjith","1"
"Bhavik Thakore","1"
"Tom Holland","1"
"Dave Patten","1"
"Jonathan Ignatius Green","1"
"Elisabeth Vogler","1"
"Max Amini","1"
"Israel Adrián Caetano, Bruno Stagnaro","1"
"Isabel Coixet","1"
"David Galán Galindo","1"
"Sunil Thakur","1"
"Michael Cristofer","1"
"Raman Kumar","1"
"Linda Korsten","1"
"Derick Cabrido","1"
"Katarina Launing","1"
"Damon Cardasis","1"
"Navjot Gulati","1"
"Carlos Morett","1"
"Bruce MacDonald, Gabriel Sabloff","1"
"Leo Riley","1"
"Kabir Khan","1"
"Stephen Chbosky","1"
"Rob Burnett","1"
"Mike Judge","1"
"Sarah Gavron","1"
"Steve Hickner, Simon J. Smith","1"
"Maïmouna Doucouré","1"
"Darren Grant","1"
"Daan Jansen, Stijn Verlinde","1"
"Sergio Pablos","1"
"Wouter Bouvijn","1"
"Alex Holmes","1"
"Jung-ah Im, Seung-uk Jo","1"
"Tinu Pappachan","1"
"Mohsin Ali","1"
"Vikas Bahl, Nitesh Tiwari","1"
"Jon Favreau","1"
"Erol Özlevi","1"
"Muharrem Gülmez","1"
"Joachim Fest, Christian Herrendoerfer","1"
"Leopoldo Aguilar","1"
"Shane Acker","1"
"Paul Raschid","1"
"Suresh Pillai","1"
"Roger Russell","1"
"Craig Elrod","1"
"Marc Abraham","1"
"Renuka Shahane","1"
"Samir Al Asfory","1"
"Sam O'Steen","1"
"Jan Suter, Raúl Campos","1"
"Almudena Carracedo, Robert Bahar","1"
"Sigrid Andrea Bernardo","1"
"Gajendra Ahire, Viju Mane, Girish Mohite, Ravi Jadhav","1"
"Julie Taymor","1"
"Matthew Atkinson","1"
"Colin Dench","1"
"Frank Capra, John Huston, Hugh Stewart, Roy Boulting, Anthony Veiller","1"
"Rucha Humnabadkar","1"
"Quek Shio-chuan","1"
"Kranti Kanade","1"
"Thomas Meadmore","1"
"Eric Juhola","1"
"Abdul Aziz Hashad","1"
"Umut Aral","1"
"Scott Aukerman, Akiva Schaffer","1"
"Gary Binkow","1"
"Baltasar Kormákur","1"
"Trey Borzillieri, Barbara Schroeder","1"
"James Sweeney","1"
"Seyi Babatope","1"
"Hannes Stöhr","1"
"Gary Wang","1"
"Aleksandr Chernyaev, Fedor Lyass","1"
"Fabio Guaglione, Fabio Resinaro","1"
"Cory Edwards","1"
"Corey Yuen, Patrick Leung","1"
"Alejandra Márquez Abella","1"
"Tony Stone","1"
"Miguel Ángel Vivas","1"
"Meghan O'Hara","1"
"Elissa Down","1"
"Esteban Sapir","1"
"Adam Davis, Jerry Kolber, Trey Nelson, Erich Sturm","1"
"Rakesh Mehta","1"
"James Dearden","1"
"Nick Davis","1"
"Emmanuel Mouret","1"
"Colin Teague","1"
"Kevin Ko, Peter Tsi","1"
"Athiyan Athirai","1"
"Odunlade Adekola","1"
"Tom Whitter","1"
"Akhigbe Ilozobhie","1"
"Ravikanth Perepu","1"
"Luis Valdez","1"
"Hakan Yonat","1"
"Kevin Donovan","1"
"Alethea Jones","1"
"Vivek Agnihotri","1"
"Eddie Martin","1"
"Param Gill","1"
"Lars Kaalund","1"
"Diego Cohen","1"
"Caio Cobra","1"
"Alexandre Reinecke","1"
"Andaç Haznedaroğlu","1"
"Simon Curtis","1"
"Musthafa","1"
"Jason Priestley","1"
"Bent-Jorgen Perlmutt","1"
"Carlos Bolado","1"
"Monica Floyd","1"
"Sam Fell, Chris Butler","1"
"Stephanie Soechtig, Jeremy Seifert","1"
"Marlene Melchior","1"
"Carlos Sorín","1"
"Hassan AbdulSalam","1"
"Jay Baruchel","1"
"Noushad","1"
"Michael Duggan","1"
"Ishaan Trivedi","1"
"Philip Marlatt","1"
"John A. Davis","1"
"Gurmmeet Singh","1"
"Robert Osman, Nathanael Wiseman","1"
"Pass Patthanakumjon","1"
"Raja Chanda","1"
"Joaquín Mazón","1"
"Gary Ross","1"
"Shojiro Nishimi, Guillaume Renard","1"
"Charles Officer","1"
"Noël Wells","1"
"Eric Darnell, Tom McGrath","1"
"Syed Ahmad Afzal","1"
"Yang Lei","1"
"Aadish Keluskar","1"
"Nicholas Stoller","1"
"Padraig Reynolds","1"
"Sophia Nahli Allison","1"
"Mark Columbus, Lauren Hoekstra, Sarah Kruchowski, Ryan Moody, Simon Savelyev, Vanita Shastry, Shadae Lamar Smith, Jeremy David White","1"
"Jamal Hill","1"
"Padmakumar Narasimhamurthy","1"
"Mostafa Abu Seif","1"
"Leif Tilden","1"
"Ram","1"
"Jordi Llompart","1"
"Taron Lexton","1"
"Ahmed Saleh","1"
"Sanjay Gupta","1"
"Byeon Hee-sun","1"
"Lee Daniels","1"
"Fernando Meirelles","1"
"Phil Johnston, Rich Moore","1"
"Nathan Wiley","1"
"Frank W Chen","1"
"Ravi Udyawar","1"
"Puneet Khanna","1"
"Jon Hurwitz, Hayden Schlossberg","1"
"Sonia Kennebeck","1"
"Kirk De Micco, Chris Sanders","1"
"Mickey Liddell","1"
"John Crowley","1"
"Felix Herngren, Måns Herngren","1"
"Lin Oeding","1"
"Elaine Bogan, John Sanford","1"
"Tom Donahue","1"
"Paul Taublieb, Jon Freeman","1"
"Carly Stone","1"
"Mohd Khairul Azri Bin Md Noor","1"
"Ari Levinson","1"
"Mandeep Kumar","1"
"Dave Skinner, Freddie Waters","1"
"Abbas Tyrewala","1"
"Sunkanmi Adebayo","1"
"Kenzo Maihara, Amandha Wyanto","1"
"Patricia Font","1"
"Philip Einstein Lipski, Jørgen Lerdam, Amalie Næsby Fick","1"
"Amaan Khan","1"
"Jami","1"
"Nishil Sheth","1"
"Florian Schott","1"
"Ben Palmer","1"
"Ken Kushner","1"
"Miranda de Pencier","1"
"Jason Sussberg, David Alvarado","1"
"Jason Orley","1"
"Sumit Das","1"
"Peter Hewitt","1"
"Thomas Stuber","1"
"Michael Steiner","1"
"Sean Hanish","1"
"Tinge Krishnan","1"
"Siu-hung Chung, Wong Jing","1"
"Santiago Alvarado Ilarri","1"
"Jim Field Smith","1"
"Kabir Bhatia","1"
"Sophie Robinson, Lotje Sodderland","1"
"Greg Pritikin","1"
"Jastis Arimba","1"
"Nicole Holofcener","1"
"Lucy van Beek","1"
"Apurva Dhar Badgaiyann","1"
"Kubhaer T. Jethwani","1"
"Vibeke Idsøe","1"
"Jesse Gustafson","1"
"Cüneyt Kaya","1"
"Beeban Kidron","1"
"Albert Hughes, Allen Hughes","1"
"Raj Babu","1"
"Kamal Sahani","1"
"Elliot Hegarty","1"
"Ian Kirby","1"
"Paul Tanter","1"
"Jared Moshé","1"
"Pia Sukanya","1"
"Shady Hanna","1"
"Emmanuel Amara","1"
"Junichi Sato, Tomotaka Shibayama","1"
"Kim Jee-woon","1"
"Lars Klevberg","1"
"Jumpei Mizusaki, Koji Morimoto, Michael Arias, Masaru Matsumoto, Arthell Isom, Henry Thurlow, Takanobu Mizuno, Elsa Nakamichi, Hajime Sasaki, Shinji Takagi","1"
"Dan Lucchesi","1"
"Roman Atwood, Ben Pluimer","1"
"Yann Arthus-Bertrand, Michael Pitiot","1"
"Hirotsugu Kawasaki","1"
"Mariano Cohn, Gastón Duprat","1"
"Akiyuki Shinbo, Nobuyuki Takeuchi","1"
"Lena Khan","1"
"Dennis Scholl, Kareem Tabsch","1"
"Stuart Heisler","1"
"Austin Stark","1"
"Amitabha Singh","1"
"Yuki Yamato","1"
"Nathaniel Warsh","1"
"Amar Gupte","1"
"Kelly Noonan","1"
"William Eubank, Will Eubank","1"
"Han Qing","1"
"Jung Ji-woo","1"
"Igor Kovalyov, Norton Virgien","1"
"Ken Loach","1"
"Santosh Manjrekar","1"
"Salvador Espinosa","1"
"Girish Joshi","1"
"Scott Hussion, Seth Fuller","1"
"Paul Haggis","1"
"Fisher Stevens","1"
"Jessica Yu","1"
"Puri Jagannadh","1"
"L. Frazier","1"
"Jan Suter, Raúl Campos Delgado","1"
"Richard Curtis","1"
"María Jose Cuevas","1"
"Michael Kennedy","1"
"Venky Kudumula","1"
"Henrik Martin Dahlsbakken","1"
"Richard Claus, Karsten Kiilerich","1"
"Jeffrey W. Byrd","1"
"Robin Wright, David Fincher, Gerald McRaney, John David Coles, David Manson","1"
"Jean-Claude Flamand-Barny","1"
"Karen Maine","1"
"Marco Schnabel","1"
"Ayush Raina","1"
"Derek Hui","1"
"Anthony Scott Burns, Nicholas McCarthy, Adam Egypt Mortimer, Gary Shore, Kevin Smith, Sarah Adina Smith, Scott Stewart, Kevin Kolsch, Dennis Widmyer","1"
"Scott Walker","1"
"Madhumita","1"
"Shaad Ali","1"
"Clarence Yiu-leung Fok","1"
"Tinnu Anand","1"
"Yann Gozlan","1"
"Satish Manwar","1"
"Steve Greenwood","1"
"Nidhi Sharma","1"
"Xavier Gens","1"
"Amal Neerad","1"
"Bronwen Hughes","1"
"Trevor Ryan","1"
"Rakshith Thirthahalli","1"
"Bumpy","1"
"Milind Rau","1"
"Isaac Rentz","1"
"Blair Hayes","1"
"Curtis Hanson","1"
"Hiroshi Katagiri","1"
"Keith Fulton, Louis Pepe","1"
"Glen Goei, Gavin Yap","1"
"Teng Huatao","1"
"Akiva Schaffer","1"
"Olivier Abbou","1"
"Sandeep Reddy Vanga","1"
"William Lau, Sylvain Blais","1"
"Eleonore Pourriat","1"
"Kike Maíllo","1"
"John Barnard","1"
"Jenny Carchman","1"
"Joel Crawford","1"
"Steve Loter","1"
"Julie Dash","1"
"Bob Hercules, Rita Coburn Whack","1"
"Sushil Majumdar","1"
"Handan İpekçi","1"
"Gary Howsam, Mike Smith, John Paul Tremblay, Robb Wells","1"
"Pantham Thongsang, Cheewatan Pusitsuksa","1"
"Barbra Streisand, Jim Gable","1"
"Kate Mulleavy, Laura Mulleavy","1"
"Ally Pankiw","1"
"Wade Allain-Marcus, Jesse Allain-Marcus","1"
"Jung-ah Im","1"
"Ivan Silvestrini","1"
"George Mendeluk","1"
"Harry Baweja","1"
"Jerry Rothwell, Reuben Atlas","1"
"Toka McBaror, Tunde Apalowo","1"
"Hiromasa Yonebayashi, Yoshiyuki Momose, Akihiko Yamashita","1"
"Marc Levin","1"
"Sebastián Hofmann","1"
"Jeremy Rush","1"
"Mike Elliott","1"
"Partho Ghosh","1"
"Mastan Alibhai Burmawalla, Abbas Alibhai Burmawalla","1"
"Mangesh Hadawale","1"
"Harrison Smith","1"
"Diego Luna","1"
"Ajay Bahl","1"
"Paul Shoulberg","1"
"Perry Lang","1"
"Sunil Soraya","1"
"Jeffrey G. Hunt","1"
"Manoj Beedha","1"
"Rahul Ravindran","1"
"Diego Enrique Osorno","1"
"Teddy Chan","1"
"Rajiv Chilaka, Anirban Majumder, Alka Amarkant Dubey","1"
"Richard Kelly","1"
"Ben Shelton","1"
"Debaloy Dey","1"
"Saurav Palodhi","1"
"Jonathan Augustin","1"
"Ridley Scott","1"
"Daniela Goggi","1"
"Guillaume Pierret","1"
"Sian Heder","1"
"Rémy Four, Julien War","1"
"Fernando Frías De La Parra","1"
"Alex Winter","1"
"Rajiv Chilaka, Binayak Das","1"
"James Foley","1"
"Tony Collingwood","1"
"Alê Abreu","1"
"Dustin McKenzie, Andrew Duncan, Audu Paden","1"
"Daniel Monzón","1"
"Paul Munger","1"
"Radhika Rao, Vinay Sapru","1"
"Nick Simon","1"
"Camilla Nielsson","1"
"Fazila Allana","1"
"Yu Yang","1"
"Yasir Al Yasiri","1"
"Peter Yost","1"
"Lonzo Nzekwe","1"
"Mfanelo Ngoma","1"
"Marina Zenovich","1"
"Fab Five Freddie","1"
"Bruce McDonald","1"
"Kate Melville","1"
"Marina Seresesky","1"
"Anna Wieczur-Bluszcz","1"
"Houssam El-Din Mustafa","1"
"Mariano Barroso","1"
"Zuko Nodada","1"
"Paco Cabezas","1"
"Olivier Nakache, Éric Toledano","1"
"Grant Heslov","1"
"Jody Hill","1"
"Graham Phillips, Parker Phillips","1"
"Sonny Marler","1"
"Omung Kumar","1"
"Peter Svatek","1"
"Jan-Peter Horns","1"
"Kaspar Astrup Schröder","1"
"Femi Oyeniran, Nicky Slimting Walker","1"
"Nancy Schwartzman","1"
"John Smithson","1"
"Christophe Honoré","1"
"Tudor Giurgiu","1"
"Kang Cheng, Shan Hua","1"
"Tom Barton-Humphreys","1"
"Ashwiny Iyer Tiwari","1"
"Frank Oz, Jim Henson","1"
"Brett Hedlund","1"
"Harmony Korine","1"
"Iman Brotoseno","1"
"Brian O'Malley","1"
"Jorge Blanco","1"
"Roman Polanski","1"
"Richard Mears","1"
"William Bindley","1"
"Akiva Goldsman","1"
"Andrea Arnold","1"
"Ali Scher","1"
"Johnny To","1"
"Rajeev Chaudhari","1"
"Hsu Chih-yen, Mag Hsu","1"
"Ali Yorgancıoğlu","1"
"Adam Deyoe","1"
"Lee Yoon-jung","1"
"Tom O'Dell","1"
"Byron Howard, Chris Williams","1"
"André D'Elia","1"
"Sadeq Behbehani","1"
"Alex Parkinson, Richard da Costa","1"
"Samu Fuentes","1"
"Ellen Weissbrod","1"
"Antoine Bardou-Jacquet","1"
"Benjamin Ross","1"
"Alex Law","1"
"Sabina Fedeli, Anna Migotto","1"
"Wong Jing, Jason Kwan","1"
"Michael Petroni","1"
"Jayson Thiessen, Ishi Rudell","1"
"Brandon Camp","1"
"Elle Callahan","1"
"Duncan McMath","1"
"Josef Fares","1"
"Hans Petter Moland","1"
"Walter Hill","1"
"Bruce Leddy","1"
"Takashi Doscher","1"
"Sung-soo Kim","1"
"Praveen Nischol","1"
"David Raynr","1"
"M.J. Isakson","1"
"Andrés Couturier","1"
"Eric Abrams","1"
"Pawan Kumar","1"
"Daniel Gordon","1"
"Chris Moukarbel","1"
"Milton Horowitz","1"
"Shekhar Kapur","1"
"Keiichi Sato, Yasushi Kawamura","1"
"Amit Roy","1"
"Hepi Mita","1"
"Lennart Ruff","1"
"Anoop Sathyan","1"
"Monika Mitchell","1"
"Alberto Arnaut Estrada","1"
"Suhas Kadav","1"
"Scott McAboy","1"
"Harshavardhan Kulkarni","1"
"Vishal Mishra","1"
"Dean DeBlois","1"
"Patrice Laliberté","1"
"Vadim Jean","1"
"Krishna Agazzi, Filippo Gastaldi","1"
"Sacha Wolff","1"
"Kunal Deshmukh","1"
"Jenny Gage","1"
"Gerry Blaksley","1"
"Jesse Handsher, Olivier Roland","1"
"Tim Rouhana","1"
"Steve McLean","1"
"Julia Willoughby Nason, Jenner Furst","1"
"Volker Arzt, Angelika Sigl","1"
"Austin Peck, Anneliese Vandenberg","1"
"Oliver Kienle","1"
"Jelle de Jonge","1"
"Shagufta Rafique","1"
"Greta Gerwig","1"
"Oded Raz","1"
"Michael Steed","1"
"Christian Ditter","1"
"Elisa Fuksas","1"
"JP Habac","1"
"Atanu Mukherjee","1"
"Dawn Porter","1"
"Gary David Goldberg","1"
"Saeed Hamed","1"
"Lee Kyoungmi, Yim Pilsung, Jeon Go-woon, Kim Jong-kwan","1"
"Jennifer Phang","1"
"Michael Curtiz","1"
"Mario Mattei","1"
"Cecilia Peck","1"
"Jesse Adang, Syrine Boulanouar","1"
"Prabhuraj","1"
"Kornél Mundruczó","1"
"Stephen Amezdroz","1"
"Luca Vullo","1"
"Kagiso Lediga","1"
"Syamsul Yusof","1"
"Michael Radford","1"
"Yeo Siew Hua","1"
"Dani de la Torre","1"
"Narendra Nath","1"
"Mamoru Hosoda","1"
"Bin Bunluerit","1"
"Nora Ephron","1"
"John Luessenhop","1"
"Mimi Leder","1"
"Alex Díaz, Marcos Bucay","1"
"Prabhu Deva","1"
"Amro Salah","1"
"Christophe Charrier","1"
"Andy Capper","1"
"Biyi Bandele","1"
"Susannah Heath-Eves","1"
"KVR Mahendra","1"
"John Murlowski","1"
"Matthew Michael Carnahan","1"
"Adam MacDonald","1"
"Daryl Hannah","1"
"Cristina Costantini, Kareem Tabsch","1"
"Mansore","1"
"Sittisiri Mongkolsiri","1"
"Robert McCullough Jr.","1"
"Thor Freudenthal","1"
"Óskar Thór Axelsson","1"
"Carles Torras","1"
"John Hoffman, Nanfu Wang","1"
"Marcus Nispel","1"
"Manish Saini","1"
"James Brown","1"
"Lewis Milestone","1"
"Sean Foley","1"
"Glenn Weiss","1"
"Heber Cannon","1"
"Brandon Jones","1"
"Joe Roth","1"
"Stacia Crawford","1"
"Jeff Margolis","1"
"Rushmore DeNooyer","1"
"To-hoi Kong","1"
"Fumihiko Sori","1"
"Joshua Oppenheimer","1"
"Lai Chun-yu","1"
"Liao Shih-han","1"
"Peter Foott","1"
"Damien Chazelle, Houda Benyamina, Laïla Marrakchi, Alan Poul","1"
"Liam Lynch","1"
"Vinil Mathew","1"
"Tom Shadyac","1"
"Owen Trevor","1"
"Jack Starrett","1"
"Rudy Soedjarwo, Riri Riza","1"
"Peggy Holmes","1"
"Rachel Bell","1"
"Anthony Wonke","1"
"Rahat Kazmi","1"
"Erik Kling, Kevin Peaty","1"
"Jason Krawczyk","1"
"Sue Kim","1"
"Eric Notarnicola","1"
"Eva Vives","1"
"Ritesh Batra","1"
"Nzingha Stewart","1"
"Fabio Ock, Joana Mazzucchelli","1"
"Phil Lord, Christopher Miller","1"
"Reginald Hudlin","1"
"Nottapon Boonprakob","1"
"Andrew Goth","1"
"Vetrimaaran","1"
"V. K. Prakash","1"
"Malik Vitthal","1"
"Azazel Jacobs","1"
"Raúl Arévalo","1"
"Jon Alpert","1"
"Sanjib Dey","1"
"Michael Thelin","1"
"P.K. Baaburaaj","1"
"Tony Bancroft, Scott Christian Sava","1"
"Sarah Adina Smith","1"
"Afia Nathaniel","1"
"Anil Thomas","1"
"Dan Krauss","1"
"Parveen Kumar","1"
"Yesim Ustaoglu","1"
"Limbert Fabian, Brandon Oldenburg","1"
"David Briggs","1"
"Ananda Krishnan","1"
"Tim Van Someren","1"
"Huw Cordey","1"
"Vijay Yelakanti","1"
"David Sington, Heather Walsh","1"
"Vijay Milton","1"
"Megha Ramaswamy","1"
"Keith Scholey","1"
"Anthony Lucero","1"
"Eduardo Casanova","1"
"Sam Taylor-Johnson","1"
"Liu Jie","1"
"Amarpreet G S Chabbra","1"
"Phil Nibbelink, Simon Wells","1"
"Sandy Chronopoulos","1"
"Ángel Gómez Hernández","1"
"Gastón Duprat, Mariano Cohn","1"
"Olivier Loustau","1"
"David Mirkin","1"
"Woo Ming Jin","1"
"Bigflo & Oli, Jérémie Levypon","1"
"Yandy Laurens","1"
"K.C. Bokadia","1"
"David Batra, Jon Rudberg","1"
"Ron Clements, John Musker","1"
"Skye Borgman","1"
"Michael Apted","1"
"Gaspar Antillo","1"
"Craig Johnson","1"
"Joel Oliansky","1"
"Shanavas K. Bavakutty","1"
"Gina Prince-Bythewood","1"
"Corey Grant","1"
"Florian Schnell","1"
"Nabil Ayouch","1"
"John Haptas, Kristine Samuelson","1"
"Ken Kwapis","1"
"Joel Gallen, Tig Notaro","1"
"Robert Smigel","1"
"Maria Pulera","1"
"Sharon Grimberg","1"
"Ananth Narayan Mahadevan","1"
"Sara Dosa","1"
"Ben C. Lucas","1"
"Sara Colangelo","1"
"Iain Softley","1"
"Matt Piedmont","1"
"Svetlana Cvetko","1"
"Anthony Byrne","1"
"Alan J. Pakula","1"
"Pieter-Jan De Pue","1"
"Samir Karnik","1"
"Cassia Dian","1"
"Dean Craig","1"
"Hikari","1"
"Jedd Wider, Todd Wider","1"
"Natalie Portman","1"
"Hiroshi Aoyama, Kazumi Fukushima, Jim Stenstrum","1"
"C.J. Wallis","1"
"Melanie Mayron","1"
"Amardeep Singh Gill","1"
"Jayaraj Rajasekharan Nair","1"
"Suman Ghosh","1"
"Brian Webber","1"
"Michael Fimognari","1"
"Josh Aronson","1"
"Aaron Woodley","1"
"Juan Pablo Buscarini","1"
"Petra Costa, Lea Glob","1"
"Michael Tolajian","1"
"Farhad Safinia","1"
"Andrew Stanton","1"
"Claude Lelouch","1"
"Ahmed Medhat","1"
"Greg Tiernan","1"
"Todd Biermann","1"
"John Irvin","1"
"Chad L. Scheifele","1"
"Keiichi Hara","1"
"Pedro Coutinho","1"
"Santwana Bardoloi","1"
"André Øvredal","1"
"Varun Narvekar","1"
"Christian Duguay","1"
"Buzz Kulik","1"
"Michael Simon, Matthew McNeil","1"
"Alessio Cremonini","1"
"Tom Stubberfield","1"
"Richard Finn, Tim Maltby","1"
"P.T. Kunju Muhammad","1"
"Lawrence Kasdan","1"
"Olivia Newman","1"
"Paul M. Green","1"
"Peter Howitt","1"
"Robb Dipple","1"
"Mark Risley","1"
"Jason James","1"
"Anubhav Sinha","1"
"Jeffrey Nachmanoff","1"
"Manbhavan Singh","1"
"James Haslam","1"
"Kate Horne","1"
"Juan José Campanella","1"
"Lionel C. Martin","1"
"Julien Seri","1"
"Michael Bonfiglio","1"
"David Lee Miller","1"
"Kenneth Müller","1"
"Sam Cullman","1"
"Saravana Rajendran","1"
"David Leveaux","1"
"Stefan Brogren","1"
"Peter Fison","1"
"Donald Petrie","1"
"Jon Carey, Adam Darke","1"
"Gustavo Ron","1"
"Julia Hart","1"
"Shashanka Ghosh","1"
"Bedabrata Pain","1"
"Henry Hathaway","1"
"Y. Joon Chung","1"
"Mike Rossiter","1"
"Bruce Robinson","1"
"Timo Tjahjanto, Kimo Stamboel","1"
"Chakri Toleti","1"
"Manjeet Maan","1"
"Asim Abbasi","1"
"Sam Loh","1"
"Tony Zierra","1"
"Conrad Helten, Ezekiel Norton, Michael Goguen","1"
"Cho Li, Chen Hung-yi, Weica Wang, Liu Bang-yao, Lin Guan-fu, Shen Chi, YC Tom Lee","1"
"Keiko Yagi","1"
"David Bruckner","1"
"David Morris, Jacqui Morris","1"
"Roy Campanella II","1"
"Juan Manuel Cotelo","1"
"Merawi Gerima","1"
"Erik Matti","1"
"Paakhi Tyrewala","1"
"Mark Osborne","1"
"Pieter Kuijpers","1"
"Alankrita Shrivastava","1"
"Greg Mottola","1"
"Nic Mathieu","1"
"Ari Folman","1"
"Anand Tiwari","1"
"Marek Piwowski","1"
"Ti West","1"
"Tommy Avallone","1"
"Llewellyn M. Smith","1"
"Debbie Allen","1"
"Noah Baumbach, Jake Paltrow","1"
"Padraic McKinley","1"
"John Banas","1"
"Ahmad Samir Farag","1"
"James Woodroffe","1"
"QLF","1"
"Tommy O'Haver","1"
"Nicole Conn","1"
"Digo Ricio","1"
"V C Abhilash","1"
"Wim Bonte","1"
"Mukesh Vohra","1"
"Rolfe Kanefsky","1"
"Barney Clay","1"
"Michael Lennox","1"
"Afonso Poyart","1"
"Andy Caballero, Diego Corsini","1"
"Martha Coolidge","1"
"Castille Landon","1"
"Chris Burkard","1"
"Stephen Gyllenhaal","1"
"Falz","1"
"Jean-Pierre Devillers","1"
"Kuntz Agus","1"
"Michael Spierig, Peter Spierig","1"
"Felix Van Groeningen, Felix van Groeningen","1"
"Fouad El-Mohandes","1"
"Raz Degan","1"
"Thurop Van Orman, John Rice","1"
"Michael Kampa","1"
"Andrew Renzi","1"
"Charles Martin Smith","1"
"James Watkins","1"
"Steven Rinella","1"
"Kirk Wise","1"
"Alice Rohrwacher","1"
"Fernando Sariñana, José Luis Gutiérrez","1"
"Manika Sharma","1"
"Jakob Verbruggen","1"
"Anders Falck, Stinus Morell Vithner","1"
"Rob Epstein, Jeffrey Friedman","1"
"Shonali Bose","1"
"Chad Hartigan","1"
"Marti Noxon","1"
"Chris Bell","1"
"Yacine Belhousse","1"
"Chris Roland, Maradona Dias Dos Santos","1"
"Gabe Ibáñez","1"
"Bo Burnham","1"
"Charles Gozali, Bagus Bramanti","1"
"Andrew Lau Wai-Keung, Alan Mak","1"
"Michael A. Nickles","1"
"Sam Dunn","1"
"Michael Winterbottom","1"
"Mick Grogan","1"
"John Herzfeld","1"
"Jeff Garlin","1"
"Anil V. Kumar","1"
"Ham Tran","1"
"Indrajit Nattoji","1"
"Erik Nelson","1"
"William Friedkin","1"
"Gaurav Bavdankar","1"
"Thomas Carter","1"
"Roland Emmerich","1"
"Bhagyaraj","1"
"Takeru Nakajima, Yoshiyuki Okada","1"
"Kristian Levring","1"
"Luis Lopez, Clay Tweel","1"
"Kiran Rao","1"
"Rakesh Ranjan Kumar","1"
"Juani Libonatti","1"
"Scot Armstrong","1"
"Clive Tonge","1"
"Roman Gackowski","1"
"Saara Cantell","1"
"Julia Knowles","1"
"Ken Burns, Christopher Loren Ewers, Erik Ewers","1"
"Paco Aguilar","1"
"Osman Ali","1"
"César Rodrigues","1"
"Aruna Raje","1"
"Gerard McMurray","1"
"Roger Spottiswoode","1"
"Peter Pardini","1"
"Manjeet Singh","1"
"Manatsanun Phanlerdwongsakul","1"
"Samar Shaikh","1"
"Anthony Pierce","1"
"J.C. Falcón","1"
"Dustin Nguyen","1"
"Brant Sersen","1"
"Massy Tadjedin","1"
"Isabel Sandoval","1"
"Storm Theunissen","1"
"George Miller","1"
"Daniel Oriahi","1"
"Radha Blank","1"
"Jared Stern","1"
"Frant Gwo","1"
"Go Koga","1"
"Benny Safdie, Josh Safdie","1"
"Francesco Amato","1"
"Ken Barbet","1"
"Marcel Barrena","1"
"Justin McConnell","1"
"Will Eisenberg","1"
"Tan Bing","1"
"Kushal Srivastava","1"
"Pascal Blanchard, Sonia Dauger, David Dietz","1"
"Storm Saulter","1"
"Pradip Kurbah","1"
"Francesco Carnesecchi","1"
"Luis Javier Henaine","1"
"Vinod Kapri","1"
"Valli Bindana","1"
"Troy Nixey","1"
"Thomas Sieben","1"
"Selçuk Aydemir","1"
"Josh Safdie, Benny Safdie","1"
"Kurt Wimmer","1"
"Justin Bare, Matthew Miele","1"
"Peter Ho","1"
"Pablo Lejarreta, Luis Alfaro","1"
"Sohail Tatari","1"
"Constance Marks","1"
"Elías León","1"
"Karan Bali","1"
"Daniel Ablin","1"
"Ben Brewer, Alex Brewer","1"
"Atul Malhotra","1"
"Yvan Attal","1"
"Christian Desmares, Franck Ekinci","1"
"Kumaran","1"
"Sanjeev Gupta","1"
"Jayaprakash Radhakrishnan","1"
"Chia Tang","1"
"Noor Imran Mithu","1"
"Larry Elikann","1"
"Dan Fraga, William Lau","1"
"Dar Gai","1"
"Andrew Sandler","1"
"Sneha Taurani","1"
"Chang Chin-jung, Chen Rong-hui","1"
"Parthiban","1"
"Samuel D. Pollard","1"
"Stephan Rick","1"
"Matei Dima","1"
"Liam O'Donnell","1"
"Marco Deufemia, Justin G. Dyck","1"
"Chris Sparling","1"
"James Lee","1"
"Adam Bolt","1"
"Mohammed El-Tahawy, Mohamed Mostafa","1"
"Roberto Girault Facha","1"
"Jonathan A. Rosenbaum","1"
"Farhan Alam","1"
"Fouad Al Shatti","1"
"Sam Blitz Bazawule","1"
"Jen McGowan","1"
"Edward Ellis, Flor Salcedo, Aaron Woolf","1"
"Sooni Taraporevala","1"
"Akshay Akkineni","1"
"Mike Mills","1"
"Miguel Ángel Lamata","1"
"Tanit Jitnukul","1"
"Vrinda Samartha","1"
"Norihisa Hiranuma","1"
"Jacob LaMendola","1"
"Azfar Jafri","1"
"Ding Sheng","1"
"Oliver Bokelberg","1"
"Steve Gukas","1"
"Fred Cavayé","1"
"Steve Antin","1"
"Aniruddha Roy Chowdhury","1"
"Jennifer Brea","1"
"Ted Geoghegan","1"
"Michael Fahey","1"
"Nonzee Nimibutr","1"
"Adam Del Giudice","1"
"Arthur Penn","1"
